{
  "skeleton1": "skeleton1",
  "skeleton2": "skeleton1",
  "skeleton3": "skeleton1",
  "skeleton4": "skeleton1",
  "skeleton5": "skeleton1",
  "zombie1": "zombie1",
  "zombie2": "zombie1",
  "zombie3": "zombie1",
  "zombie4": "zombie1",
  "zombie5": "zombie1",
  "bighead1": "bighead1",
  "bighead2": "bighead1",
  "bighead3": "bighead1",
  "bighead4": "bighead1",
  "bighead5": "bighead1",
  "foulcrow1": "foulcrow1",
  "foulcrow2": "foulcrow1",
  "foulcrow3": "foulcrow1",
  "foulcrow4": "foulcrow1",
  "fallen1": "fallen1",
  "fallen2": "fallen1",
  "fallen3": "fallen1",
  "fallen4": "fallen1",
  "fallen5": "fallen1",
  "brute2": "brute2",
  "brute3": "brute2",
  "brute4": "brute2",
  "brute5": "brute2",
  "brute1": "brute2",
  "sandraider1": "sandraider1",
  "sandraider2": "sandraider1",
  "sandraider3": "sandraider1",
  "sandraider4": "sandraider1",
  "sandraider5": "sandraider1",
  "gorgon1": "gorgon1",
  "gorgon2": "gorgon1",
  "gorgon3": "gorgon1",
  "gorgon4": "gorgon1",
  "wraith1": "wraith1",
  "wraith2": "wraith1",
  "wraith3": "wraith1",
  "wraith4": "wraith1",
  "wraith5": "wraith1",
  "corruptrogue1": "corruptrogue1",
  "corruptrogue2": "corruptrogue1",
  "corruptrogue3": "corruptrogue1",
  "corruptrogue4": "corruptrogue1",
  "corruptrogue5": "corruptrogue1",
  "baboon1": "baboon1",
  "baboon2": "baboon1",
  "baboon3": "baboon1",
  "baboon4": "baboon1",
  "baboon5": "baboon1",
  "goatman1": "goatman1",
  "goatman2": "goatman1",
  "goatman3": "goatman1",
  "goatman4": "goatman1",
  "goatman5": "goatman1",
  "fallenshaman1": "fallenshaman1",
  "fallenshaman2": "fallenshaman1",
  "fallenshaman3": "fallenshaman1",
  "fallenshaman4": "fallenshaman1",
  "fallenshaman5": "fallenshaman1",
  "quillrat1": "quillrat1",
  "quillrat2": "quillrat1",
  "quillrat3": "quillrat1",
  "quillrat4": "quillrat1",
  "quillrat5": "quillrat1",
  "sandmaggot1": "sandmaggot1",
  "sandmaggot2": "sandmaggot1",
  "sandmaggot3": "sandmaggot1",
  "sandmaggot4": "sandmaggot1",
  "sandmaggot5": "sandmaggot1",
  "clawviper1": "clawviper1",
  "clawviper2": "clawviper1",
  "clawviper3": "clawviper1",
  "clawviper4": "clawviper1",
  "clawviper5": "clawviper1",
  "sandleaper1": "sandleaper1",
  "sandleaper2": "sandleaper1",
  "sandleaper3": "sandleaper1",
  "sandleaper4": "sandleaper1",
  "sandleaper5": "sandleaper1",
  "pantherwoman1": "pantherwoman1",
  "pantherwoman2": "pantherwoman1",
  "pantherwoman3": "pantherwoman1",
  "pantherwoman4": "pantherwoman1",
  "swarm1": "swarm1",
  "swarm2": "swarm1",
  "swarm3": "swarm1",
  "swarm4": "swarm1",
  "scarab1": "scarab1",
  "scarab2": "scarab1",
  "scarab3": "scarab1",
  "scarab4": "scarab1",
  "scarab5": "scarab1",
  "mummy1": "mummy1",
  "mummy2": "mummy1",
  "mummy3": "mummy1",
  "mummy4": "mummy1",
  "mummy5": "mummy1",
  "unraveler1": "unraveler1",
  "unraveler2": "unraveler1",
  "unraveler3": "unraveler1",
  "unraveler4": "unraveler1",
  "unraveler5": "unraveler1",
  "vulture1": "vulture1",
  "vulture2": "vulture1",
  "vulture3": "vulture1",
  "vulture4": "vulture1",
  "mosquito1": "mosquito1",
  "mosquito2": "mosquito1",
  "mosquito3": "mosquito1",
  "mosquito4": "mosquito1",
  "willowisp1": "willowisp1",
  "willowisp2": "willowisp1",
  "willowisp3": "willowisp1",
  "willowisp4": "willowisp1",
  "arach1": "arach1",
  "arach2": "arach1",
  "arach3": "arach1",
  "arach4": "arach1",
  "arach5": "arach1",
  "thornhulk1": "thornhulk1",
  "thornhulk2": "thornhulk1",
  "thornhulk3": "thornhulk1",
  "thornhulk4": "thornhulk1",
  "vampire1": "vampire1",
  "vampire2": "vampire1",
  "vampire3": "vampire1",
  "vampire4": "vampire1",
  "vampire5": "vampire1",
  "batdemon1": "batdemon1",
  "batdemon2": "batdemon1",
  "batdemon3": "batdemon1",
  "batdemon4": "batdemon1",
  "batdemon5": "batdemon1",
  "fetish1": "fetish1",
  "fetish2": "fetish1",
  "fetish3": "fetish1",
  "fetish4": "fetish1",
  "fetish5": "fetish1",
  "cain1": "cain1",
  "gheed": "gheed",
  "akara": "akara",
  "chicken": "chicken",
  "kashya": "kashya",
  "rat": "rat",
  "rogue1": "rogue1",
  "hellmeteor": "hellmeteor",
  "charsi": "charsi",
  "warriv1": "warriv1",
  "andariel": "andariel",
  "bird1": "bird1",
  "bird2": "bird2",
  "bat": "bat",
  "cr_archer1": "cr_archer1",
  "cr_archer2": "cr_archer1",
  "cr_archer3": "cr_archer1",
  "cr_archer4": "cr_archer1",
  "cr_archer5": "cr_archer1",
  "cr_lancer1": "cr_lancer1",
  "cr_lancer2": "cr_lancer1",
  "cr_lancer3": "cr_lancer1",
  "cr_lancer4": "cr_lancer1",
  "cr_lancer5": "cr_lancer1",
  "sk_archer1": "sk_archer1",
  "sk_archer2": "sk_archer1",
  "sk_archer3": "sk_archer1",
  "sk_archer4": "sk_archer1",
  "sk_archer5": "sk_archer1",
  "warriv2": "warriv2",
  "atma": "atma",
  "drognan": "drognan",
  "fara": "fara",
  "cow": "cow",
  "maggotbaby1": "maggotbaby1",
  "maggotbaby2": "maggotbaby1",
  "maggotbaby3": "maggotbaby1",
  "maggotbaby4": "maggotbaby1",
  "maggotbaby5": "maggotbaby1",
  "camel": "camel",
  "blunderbore1": "blunderbore1",
  "blunderbore2": "blunderbore1",
  "blunderbore3": "blunderbore1",
  "blunderbore4": "blunderbore1",
  "maggotegg1": "maggotegg1",
  "maggotegg2": "maggotegg1",
  "maggotegg3": "maggotegg1",
  "maggotegg4": "maggotegg1",
  "maggotegg5": "maggotegg1",
  "act2male": "act2male",
  "act2female": "act2female",
  "act2child": "act2child",
  "greiz": "greiz",
  "elzix": "elzix",
  "geglash": "geglash",
  "jerhyn": "jerhyn",
  "lysander": "lysander",
  "act2guard1": "act2guard1",
  "act2vendor1": "act2vendor1",
  "act2vendor2": "act2vendor2",
  "crownest1": "crownest1",
  "crownest2": "crownest1",
  "crownest3": "crownest1",
  "crownest4": "crownest1",
  "meshif1": "meshif1",
  "duriel": "duriel",
  "bonefetish1": "bonefetish1",
  "bonefetish2": "bonefetish1",
  "bonefetish3": "bonefetish1",
  "bonefetish4": "bonefetish1",
  "bonefetish5": "bonefetish1",
  "maggot": "maggot",
  "sarcophagus": "sarcophagus",
  "radament": "radament",
  "flyingscimitar": "flyingscimitar",
  "zealot1": "zealot1",
  "zealot2": "zealot1",
  "zealot3": "zealot1",
  "cantor1": "cantor1",
  "cantor2": "cantor1",
  "cantor3": "cantor1",
  "cantor4": "cantor1",
  "mephisto": "mephisto",
  "diablo": "diablo",
  "cain2": "cain2",
  "cain3": "cain3",
  "cain4": "cain4",
  "frogdemon1": "frogdemon1",
  "frogdemon2": "frogdemon1",
  "frogdemon3": "frogdemon1",
  "summoner": "summoner",
  "tyrael1": "tyrael1",
  "asheara": "asheara",
  "hratli": "hratli",
  "alkor": "alkor",
  "ormus": "ormus",
  "izual": "izual",
  "halbu": "halbu",
  "tentacle1": "tentacle1",
  "tentacle2": "tentacle1",
  "tentacle3": "tentacle1",
  "tentaclehead1": "tentaclehead1",
  "tentaclehead2": "tentaclehead1",
  "tentaclehead3": "tentaclehead1",
  "meshif2": "meshif2",
  "cain5": "cain5",
  "navi": "navi",
  "bloodraven": "bloodraven",
  "bug": "bug",
  "scorpion": "scorpion",
  "rogue2": "rogue2",
  "roguehire": "roguehire",
  "rogue3": "rogue3",
  "gargoyletrap": "gargoyletrap",
  "skmage_pois1": "skmage_pois1",
  "skmage_pois2": "skmage_pois1",
  "skmage_pois3": "skmage_pois1",
  "skmage_pois4": "skmage_pois1",
  "fetishshaman1": "fetishshaman1",
  "fetishshaman2": "fetishshaman1",
  "fetishshaman3": "fetishshaman1",
  "fetishshaman4": "fetishshaman1",
  "fetishshaman5": "fetishshaman1",
  "larva": "larva",
  "maggotqueen1": "maggotqueen1",
  "maggotqueen2": "maggotqueen1",
  "maggotqueen3": "maggotqueen1",
  "maggotqueen4": "maggotqueen1",
  "maggotqueen5": "maggotqueen1",
  "claygolem": "claygolem",
  "bloodgolem": "bloodgolem",
  "irongolem": "irongolem",
  "firegolem": "firegolem",
  "act3male": "act3male",
  "baboon6": "baboon6",
  "act3female": "act3female",
  "natalya": "natalya",
  "vilemother1": "vilemother1",
  "vilemother2": "vilemother1",
  "vilemother3": "vilemother1",
  "vilechild1": "vilechild1",
  "vilechild2": "vilechild1",
  "vilechild3": "vilechild1",
  "fingermage1": "fingermage1",
  "fingermage2": "fingermage1",
  "fingermage3": "fingermage1",
  "regurgitator1": "regurgitator1",
  "regurgitator2": "regurgitator1",
  "regurgitator3": "regurgitator1",
  "doomknight1": "doomknight1",
  "doomknight2": "doomknight2",
  "doomknight3": "doomknight3",
  "quillbear1": "quillbear1",
  "quillbear2": "quillbear1",
  "quillbear3": "quillbear1",
  "quillbear4": "quillbear1",
  "quillbear5": "quillbear1",
  "snake": "snake",
  "parrot": "parrot",
  "fish": "fish",
  "evilhole1": "evilhole1",
  "trap-firebolt": "trap-firebolt",
  "trap-horzmissile": "trap-horzmissile",
  "trap-vertmissile": "trap-vertmissile",
  "trap-poisoncloud": "trap-poisoncloud",
  "trap-lightning": "trap-lightning",
  "act2guard2": "act2guard2",
  "invisospawner": "invisospawner",
  "diabloclone": "diablo",
  "act2hire": "act2hire",
  "minispider": "minispider",
  "boneprison1": "boneprison1",
  "boneprison2": "boneprison2",
  "boneprison3": "boneprison3",
  "boneprison4": "boneprison4",
  "bonewall": "bonewall",
  "councilmember1": "councilmember1",
  "councilmember2": "councilmember1",
  "councilmember3": "councilmember1",
  "turret1": "turret1",
  "turret2": "turret1",
  "turret3": "turret1",
  "hydra1": "hydra1",
  "hydra2": "hydra2",
  "hydra3": "hydra3",
  "trap-melee": "trap-melee",
  "seventombs": "seventombs",
  "dopplezon": "dopplezon",
  "valkyrie": "valkyrie",
  "act2guard3": "act2guard3",
  "act3hire": "act3hire",
  "megademon1": "megademon1",
  "megademon2": "megademon1",
  "megademon3": "megademon1",
  "necroskeleton": "necroskeleton",
  "necromage": "necromage",
  "griswold": "griswold",
  "compellingorb": "compellingorb",
  "tyrael2": "tyrael2",
  "darkwanderer": "darkwanderer",
  "trap-nova": "trap-nova",
  "lightningspire": "lightningspire",
  "firetower": "firetower",
  "slinger1": "slinger1",
  "slinger2": "slinger1",
  "slinger3": "slinger1",
  "slinger4": "slinger1",
  "act2guard4": "act2guard4",
  "act2guard5": "act2guard5",
  "skmage_cold1": "skmage_cold1",
  "skmage_cold2": "skmage_cold1",
  "skmage_cold3": "skmage_cold1",
  "skmage_cold4": "skmage_cold1",
  "skmage_fire1": "skmage_fire1",
  "skmage_fire2": "skmage_fire1",
  "skmage_fire3": "skmage_fire1",
  "skmage_fire4": "skmage_fire1",
  "skmage_ltng1": "skmage_ltng1",
  "skmage_ltng2": "skmage_ltng1",
  "skmage_ltng3": "skmage_ltng1",
  "skmage_ltng4": "skmage_ltng1",
  "hellbovine": "hellbovine",
  "window1": "window1",
  "window2": "window2",
  "slinger5": "slinger5",
  "slinger6": "slinger5",
  "fetishblow1": "fetishblow1",
  "fetishblow2": "fetishblow1",
  "fetishblow3": "fetishblow1",
  "fetishblow4": "fetishblow1",
  "fetishblow5": "fetishblow1",
  "mephistospirit": "mephistospirit",
  "smith": "smith",
  "trappedsoul1": "trappedsoul1",
  "trappedsoul2": "trappedsoul2",
  "jamella": "jamella",
  "izualghost": "izualghost",
  "fetish11": "fetish11",
  "malachai": "malachai",
  "hephasto": "hephasto",
  "wakeofdestruction": "wakeofdestruction",
  "chargeboltsentry": "chargeboltsentry",
  "lightningsentry": "lightningsentry",
  "bladecreeper": "bladecreeper",
  "invisopet": "invisopet",
  "infernosentry": "infernosentry",
  "deathsentry": "deathsentry",
  "shadowwarrior": "shadowwarrior",
  "shadowmaster": "shadowmaster",
  "druidhawk": "druidhawk",
  "spiritwolf": "spiritwolf",
  "fenris": "spiritwolf",
  "spiritofbarbs": "spiritofbarbs",
  "heartofwolverine": "spiritofbarbs",
  "oaksage": "spiritofbarbs",
  "plaguepoppy": "plaguepoppy",
  "cycleoflife": "cycleoflife",
  "vinecreature": "vinecreature",
  "druidbear": "druidbear",
  "eagle": "eagle",
  "wolf": "wolf",
  "bear": "bear",
  "barricadedoor1": "barricadedoor1",
  "barricadedoor2": "barricadedoor2",
  "prisondoor": "prisondoor",
  "barricadetower": "barricadetower",
  "reanimatedhorde1": "reanimatedhorde1",
  "reanimatedhorde2": "reanimatedhorde1",
  "reanimatedhorde3": "reanimatedhorde1",
  "reanimatedhorde4": "reanimatedhorde1",
  "reanimatedhorde5": "reanimatedhorde1",
  "siegebeast1": "siegebeast1",
  "siegebeast2": "siegebeast1",
  "siegebeast3": "siegebeast1",
  "siegebeast4": "siegebeast1",
  "siegebeast5": "siegebeast1",
  "snowyeti1": "snowyeti1",
  "snowyeti2": "snowyeti1",
  "snowyeti3": "snowyeti1",
  "snowyeti4": "snowyeti1",
  "minion1": "minion1",
  "minion2": "minion1",
  "minion3": "minion1",
  "minion4": "minion1",
  "minion5": "minion1",
  "minion6": "minion1",
  "minion7": "minion1",
  "minion8": "minion1",
  "suicideminion1": "suicideminion1",
  "suicideminion2": "suicideminion1",
  "suicideminion3": "suicideminion1",
  "suicideminion4": "suicideminion1",
  "suicideminion5": "suicideminion1",
  "suicideminion6": "suicideminion1",
  "suicideminion7": "suicideminion1",
  "suicideminion8": "suicideminion1",
  "succubus1": "succubus1",
  "succubus2": "succubus1",
  "succubus3": "succubus1",
  "succubus4": "succubus1",
  "succubus5": "succubus1",
  "succubuswitch1": "succubuswitch1",
  "succubuswitch2": "succubuswitch1",
  "succubuswitch3": "succubuswitch1",
  "succubuswitch4": "succubuswitch1",
  "succubuswitch5": "succubuswitch1",
  "overseer1": "overseer1",
  "overseer2": "overseer1",
  "overseer3": "overseer1",
  "overseer4": "overseer1",
  "overseer5": "overseer1",
  "minionspawner1": "minionspawner1",
  "minionspawner2": "minionspawner1",
  "minionspawner3": "minionspawner1",
  "minionspawner4": "minionspawner1",
  "minionspawner5": "minionspawner1",
  "minionspawner6": "minionspawner1",
  "minionspawner7": "minionspawner1",
  "minionspawner8": "minionspawner1",
  "imp1": "imp1",
  "imp2": "imp1",
  "imp3": "imp1",
  "imp4": "imp1",
  "imp5": "imp1",
  "catapult1": "catapult1",
  "catapult2": "catapult1",
  "catapult3": "catapult1",
  "catapult4": "catapult1",
  "frozenhorror1": "frozenhorror1",
  "frozenhorror2": "frozenhorror1",
  "frozenhorror3": "frozenhorror1",
  "frozenhorror4": "frozenhorror1",
  "frozenhorror5": "frozenhorror1",
  "bloodlord1": "bloodlord1",
  "bloodlord2": "bloodlord1",
  "bloodlord3": "bloodlord1",
  "bloodlord4": "bloodlord1",
  "bloodlord5": "bloodlord1",
  "larzuk": "larzuk",
  "drehya": "drehya",
  "malah": "malah",
  "nihlathak": "nihlathak",
  "qual-kehk": "qual-kehk",
  "catapultspotter1": "catapultspotter1",
  "catapultspotter2": "catapultspotter1",
  "catapultspotter3": "catapultspotter1",
  "catapultspotter4": "catapultspotter1",
  "cain6": "cain6",
  "tyrael3": "tyrael3",
  "act5barb1": "act5barb1",
  "act5barb2": "act5barb2",
  "barricadewall1": "barricadewall1",
  "barricadewall2": "barricadewall2",
  "nihlathakboss": "nihlathakboss",
  "drehyaiced": "drehyaiced",
  "evilhut": "evilhut",
  "deathmauler1": "deathmauler1",
  "deathmauler2": "deathmauler1",
  "deathmauler3": "deathmauler1",
  "deathmauler4": "deathmauler1",
  "deathmauler5": "deathmauler1",
  "act5pow": "act5pow",
  "act5barb3": "act5barb3",
  "act5barb4": "act5barb3",
  "ancientstatue1": "ancientstatue1",
  "ancientstatue2": "ancientstatue1",
  "ancientstatue3": "ancientstatue1",
  "ancientbarb1": "ancientbarb1",
  "ancientbarb2": "ancientbarb2",
  "ancientbarb3": "ancientbarb3",
  "baalthrone": "baalthrone",
  "baalcrab": "baalcrab",
  "baaltaunt": "baaltaunt",
  "putriddefiler1": "putriddefiler1",
  "putriddefiler2": "putriddefiler1",
  "putriddefiler3": "putriddefiler1",
  "putriddefiler4": "putriddefiler1",
  "putriddefiler5": "putriddefiler1",
  "painworm1": "painworm1",
  "painworm2": "painworm1",
  "painworm3": "painworm1",
  "painworm4": "painworm1",
  "painworm5": "painworm1",
  "bunny": "bunny",
  "baalhighpriest": "baalhighpriest",
  "venomlord": "venomlord",
  "baalcrabstairs": "baalcrabstairs",
  "act5hire1": "act5hire1",
  "act5hire2": "act5hire1",
  "baaltentacle1": "baaltentacle1",
  "baaltentacle2": "baaltentacle1",
  "baaltentacle3": "baaltentacle1",
  "baaltentacle4": "baaltentacle1",
  "baaltentacle5": "baaltentacle1",
  "injuredbarb1": "injuredbarb1",
  "injuredbarb2": "injuredbarb2",
  "injuredbarb3": "injuredbarb3",
  "baalclone": "baalclone",
  "baalminion1": "baalminion1",
  "baalminion2": "baalminion1",
  "baalminion3": "baalminion1",
  "worldstoneeffect": "worldstoneeffect",
  "sk_archer6": "sk_archer1",
  "sk_archer7": "sk_archer1",
  "sk_archer8": "sk_archer1",
  "sk_archer9": "sk_archer1",
  "sk_archer10": "sk_archer1",
  "bighead6": "bighead1",
  "bighead7": "bighead1",
  "bighead8": "bighead1",
  "bighead9": "bighead1",
  "bighead10": "bighead1",
  "goatman6": "goatman1",
  "goatman7": "goatman1",
  "goatman8": "goatman1",
  "goatman9": "goatman1",
  "goatman10": "goatman1",
  "foulcrow5": "foulcrow1",
  "foulcrow6": "foulcrow1",
  "foulcrow7": "foulcrow1",
  "foulcrow8": "foulcrow1",
  "clawviper6": "clawviper1",
  "clawviper7": "clawviper1",
  "clawviper8": "clawviper1",
  "clawviper9": "clawviper1",
  "clawviper10": "clawviper1",
  "sandraider6": "sandraider1",
  "sandraider7": "sandraider1",
  "sandraider8": "sandraider1",
  "sandraider9": "sandraider1",
  "sandraider10": "sandraider1",
  "deathmauler6": "deathmauler1",
  "quillrat6": "quillrat1",
  "quillrat7": "quillrat1",
  "quillrat8": "quillrat1",
  "vulture5": "vulture1",
  "thornhulk5": "thornhulk1",
  "slinger7": "slinger1",
  "slinger8": "slinger1",
  "slinger9": "slinger1",
  "cr_archer6": "cr_archer1",
  "cr_archer7": "cr_archer1",
  "cr_lancer6": "cr_lancer1",
  "cr_lancer7": "cr_lancer1",
  "cr_lancer8": "cr_lancer1",
  "blunderbore5": "blunderbore1",
  "blunderbore6": "blunderbore1",
  "skmage_fire5": "skmage_fire1",
  "skmage_fire6": "skmage_fire1",
  "skmage_ltng5": "skmage_ltng1",
  "skmage_ltng6": "skmage_ltng1",
  "skmage_cold5": "skmage_cold1",
  "skmage_pois5": "skmage_pois1",
  "skmage_pois6": "skmage_pois1",
  "pantherwoman5": "pantherwoman1",
  "pantherwoman6": "pantherwoman1",
  "sandleaper6": "sandleaper1",
  "sandleaper7": "sandleaper1",
  "wraith6": "wraith1",
  "wraith7": "wraith1",
  "wraith8": "wraith1",
  "succubus6": "succubus1",
  "succubus7": "succubus1",
  "succubuswitch6": "succubuswitch1",
  "succubuswitch7": "succubuswitch1",
  "succubuswitch8": "succubuswitch1",
  "willowisp5": "willowisp1",
  "willowisp6": "willowisp1",
  "willowisp7": "willowisp1",
  "fallen6": "fallen1",
  "fallen7": "fallen1",
  "fallen8": "fallen1",
  "fallenshaman6": "fallenshaman1",
  "fallenshaman7": "fallenshaman1",
  "fallenshaman8": "fallenshaman1",
  "skeleton6": "skeleton1",
  "skeleton7": "skeleton1",
  "batdemon6": "batdemon1",
  "batdemon7": "batdemon1",
  "bloodlord6": "bloodlord1",
  "bloodlord7": "bloodlord1",
  "scarab6": "scarab1",
  "scarab7": "scarab1",
  "fetish6": "fetish1",
  "fetish7": "fetish1",
  "fetish8": "fetish1",
  "fetishblow6": "fetishblow1",
  "fetishblow7": "fetishblow1",
  "fetishblow8": "fetishblow1",
  "fetishshaman6": "fetishshaman1",
  "fetishshaman7": "fetishshaman1",
  "fetishshaman8": "fetishshaman1",
  "baboon7": "baboon1",
  "baboon8": "baboon1",
  "unraveler6": "unraveler1",
  "unraveler7": "unraveler1",
  "unraveler8": "unraveler1",
  "unraveler9": "unraveler1",
  "zealot4": "zealot1",
  "zealot5": "zealot1",
  "cantor5": "cantor1",
  "cantor6": "cantor1",
  "vilemother4": "vilemother1",
  "vilemother5": "vilemother1",
  "vilechild4": "vilechild1",
  "vilechild5": "vilechild1",
  "sandmaggot6": "sandmaggot1",
  "maggotbaby6": "maggotbaby1",
  "maggotegg6": "maggotegg1",
  "minion9": "minion1",
  "minion10": "minion1",
  "minion11": "minion1",
  "arach6": "arach1",
  "megademon4": "megademon1",
  "megademon5": "megademon1",
  "imp6": "imp1",
  "imp7": "imp1",
  "bonefetish6": "bonefetish1",
  "bonefetish7": "bonefetish1",
  "fingermage4": "fingermage1",
  "fingermage5": "fingermage1",
  "regurgitator4": "regurgitator1",
  "vampire6": "vampire1",
  "vampire7": "vampire1",
  "vampire8": "vampire1",
  "reanimatedhorde6": "reanimatedhorde1",
  "dkfig1": "doomknight1",
  "dkfig2": "doomknight1",
  "dkmag1": "doomknight3",
  "dkmag2": "doomknight3",
  "mummy6": "mummy1",
  "ubermephisto": "mephisto",
  "uberdiablo": "diablo",
  "uberizual": "izual",
  "uberandariel": "andariel",
  "uberduriel": "duriel",
  "uberbaal": "baalcrab",
  "demonspawner": "minionspawner1",
  "demonhole": "evilhole1",
  "megademon6": "megademon1",
  "dkmag3": "doomknight3",
  "imp8": "imp1",
  "swarm5": "swarm1",
  "sandmaggot7": "sandmaggot1",
  "arach7": "arach1",
  "scarab8": "scarab1",
  "succubus8": "succubus1",
  "succubuswitch9": "succubuswitch1",
  "corruptrogue6": "corruptrogue1",
  "cr_archer8": "cr_archer1",
  "cr_lancer9": "cr_lancer1",
  "overseer6": "overseer1",
  "skeleton8": "skeleton1",
  "sk_archer11": "sk_archer1",
  "skmage_fire7": "skmage_fire1",
  "skmage_ltng7": "skmage_ltng1",
  "skmage_cold6": "skmage_cold1",
  "skmage_pois7": "skmage_pois1",
  "vampire9": "vampire1",
  "wraith9": "wraith1",
  "willowisp8": "willowisp1" ,
  "horse": "horse" ,
  "cowking": "cowking",
  "darkelder": "darkelder",
  "pig": "pig",
  "seagull": "seagull",
  "suicideminion9": "suicideminion1",
  "suicideminion10": "suicideminion1",
  "suicideminion11": "suicideminion1",
  "cavedweller": "sandleaper1",
  "corruptedIW": "act3hire",
  "giantfallen": "giantfallen",
  "giantfallen2": "giantfallen",
  "giantskeleton": "giantskeleton",
  "giantskeleton2": "giantskeleton"
}