﻿[
  {
    "id": 1019,
    "Key": "merca201",
    "enUS": "Hazade",
    "zhTW": "哈撒迪",
    "deDE": "Hasade",
    "esES": "Hazade",
    "frFR": "Hazade",
    "itIT": "Hazade",
    "koKR": "하자데",
    "plPL": "Hazade",
    "esMX": "Hazade",
    "jaJP": "ハザデ",
    "ptBR": "Razade",
    "ruRU": "Хазад",
    "zhCN": "哈扎德"
  },
  {
    "id": 1020,
    "Key": "merca202",
    "enUS": "Alhizeer",
    "zhTW": "艾利希爾",
    "deDE": "Alhiseer",
    "esES": "Alhizeer",
    "frFR": "Alhizir",
    "itIT": "Alhizeer",
    "koKR": "알히지르",
    "plPL": "Alhizeer",
    "esMX": "Alhizeer",
    "jaJP": "アルヒッツァ",
    "ptBR": "Alizer",
    "ruRU": "Альхизир",
    "zhCN": "阿西兹尔"
  },
  {
    "id": 1021,
    "Key": "merca203",
    "enUS": "Azrael",
    "zhTW": "阿撒爾",
    "deDE": "Asrael",
    "esES": "Azrael",
    "frFR": "Azraël",
    "itIT": "Azrael",
    "koKR": "아즈라엘",
    "plPL": "Azrael",
    "esMX": "Azrael",
    "jaJP": "アズラエル",
    "ptBR": "Azrael",
    "ruRU": "Азраэль",
    "zhCN": "艾兹瑞尔"
  },
  {
    "id": 1022,
    "Key": "merca204",
    "enUS": "Ahsab",
    "zhTW": "亞斯哈",
    "deDE": "Ahsab",
    "esES": "Ahsab",
    "frFR": "Ahsab",
    "itIT": "Ahsab",
    "koKR": "아흐사브",
    "plPL": "Ahsab",
    "esMX": "Ahsab",
    "jaJP": "アーサブ",
    "ptBR": "Asab",
    "ruRU": "Ахсаб",
    "zhCN": "阿萨布"
  },
  {
    "id": 1023,
    "Key": "merca205",
    "enUS": "Chalan",
    "zhTW": "克哈蘭",
    "deDE": "Chalan",
    "esES": "Chalán",
    "frFR": "Chalan",
    "itIT": "Chalan",
    "koKR": "찰란",
    "plPL": "Chalan",
    "esMX": "Chalan",
    "jaJP": "チャラン",
    "ptBR": "Chalan",
    "ruRU": "Чалан",
    "zhCN": "卡兰"
  },
  {
    "id": 1024,
    "Key": "merca206",
    "enUS": "Haseen",
    "zhTW": "哈辛",
    "deDE": "Hasien",
    "esES": "Haseen",
    "frFR": "Hasin",
    "itIT": "Haseen",
    "koKR": "하신",
    "plPL": "Haseen",
    "esMX": "Haseen",
    "jaJP": "ハシーン",
    "ptBR": "Hassin",
    "ruRU": "Хазин",
    "zhCN": "哈辛"
  },
  {
    "id": 1025,
    "Key": "merca207",
    "enUS": "Razan",
    "zhTW": "羅森",
    "deDE": "Rasan",
    "esES": "Razán",
    "frFR": "Razan",
    "itIT": "Razan",
    "koKR": "라잔",
    "plPL": "Razan",
    "esMX": "Razan",
    "jaJP": "ラザン",
    "ptBR": "Razan",
    "ruRU": "Разан",
    "zhCN": "拉赞"
  },
  {
    "id": 1026,
    "Key": "merca208",
    "enUS": "Emilio",
    "zhTW": "艾米羅",
    "deDE": "Emilio",
    "esES": "Emilio",
    "frFR": "Emilio",
    "itIT": "Emilio",
    "koKR": "에밀리오",
    "plPL": "Emilio",
    "esMX": "Emilio",
    "jaJP": "エミリオ",
    "ptBR": "Emílio",
    "ruRU": "Эмилио",
    "zhCN": "艾米罗"
  },
  {
    "id": 1027,
    "Key": "merca209",
    "enUS": "Pratham",
    "zhTW": "培撒姆",
    "deDE": "Pratham",
    "esES": "Pratham",
    "frFR": "Pratham",
    "itIT": "Pratham",
    "koKR": "프라탐",
    "plPL": "Pratham",
    "esMX": "Pratham",
    "jaJP": "プラサム",
    "ptBR": "Pratam",
    "ruRU": "Пратам",
    "zhCN": "普拉桑"
  },
  {
    "id": 1028,
    "Key": "merca210",
    "enUS": "Fazel",
    "zhTW": "費索",
    "deDE": "Fassel",
    "esES": "Fazel",
    "frFR": "Fazel",
    "itIT": "Fazel",
    "koKR": "파젤",
    "plPL": "Fazel",
    "esMX": "Fazel",
    "jaJP": "フェイゼル",
    "ptBR": "Fazel",
    "ruRU": "Фазиль",
    "zhCN": "菲泽尔"
  },
  {
    "id": 1029,
    "Key": "merca211",
    "enUS": "Jemali",
    "zhTW": "傑馬利",
    "deDE": "Jemali",
    "esES": "Jemali",
    "frFR": "Jemali",
    "itIT": "Jemali",
    "koKR": "제말리",
    "plPL": "Jemali",
    "esMX": "Jemali",
    "jaJP": "ジェマリ",
    "ptBR": "Jemali",
    "ruRU": "Джемали",
    "zhCN": "杰马里"
  },
  {
    "id": 1030,
    "Key": "merca212",
    "enUS": "Kasim",
    "zhTW": "卡辛姆",
    "deDE": "Kasim",
    "esES": "Kasim",
    "frFR": "Kasim",
    "itIT": "Kasim",
    "koKR": "카심",
    "plPL": "Kasim",
    "esMX": "Kasim",
    "jaJP": "カシム",
    "ptBR": "Kasim",
    "ruRU": "Касим",
    "zhCN": "卡辛"
  },
  {
    "id": 1031,
    "Key": "merca213",
    "enUS": "Gulzar",
    "zhTW": "古爾薩",
    "deDE": "Gulsar",
    "esES": "Gulzar",
    "frFR": "Gulzar",
    "itIT": "Gulzar",
    "koKR": "굴자르",
    "plPL": "Gulzar",
    "esMX": "Gulzar",
    "jaJP": "ガルザル",
    "ptBR": "Gulzar",
    "ruRU": "Гюльзар",
    "zhCN": "古札"
  },
  {
    "id": 1032,
    "Key": "merca214",
    "enUS": "Mizan",
    "zhTW": "米山",
    "deDE": "Misan",
    "esES": "Mizán",
    "frFR": "Mizan",
    "itIT": "Mizan",
    "koKR": "미잔",
    "plPL": "Mizan",
    "esMX": "Mizan",
    "jaJP": "ミザン",
    "ptBR": "Mizan",
    "ruRU": "Мизан",
    "zhCN": "米山"
  },
  {
    "id": 1033,
    "Key": "merca215",
    "enUS": "Leharas",
    "zhTW": "雷哈拉",
    "deDE": "Leharas",
    "esES": "Leharas",
    "frFR": "Leharas",
    "itIT": "Leharas",
    "koKR": "레하라스",
    "plPL": "Leharas",
    "esMX": "Leharas",
    "jaJP": "レハラス",
    "ptBR": "Learas",
    "ruRU": "Лехарас",
    "zhCN": "勒哈纳斯"
  },
  {
    "id": 1034,
    "Key": "merca216",
    "enUS": "Durga",
    "zhTW": "杜爾加",
    "deDE": "Durga",
    "esES": "Durga",
    "frFR": "Durga",
    "itIT": "Durga",
    "koKR": "두르가",
    "plPL": "Durga",
    "esMX": "Durga",
    "jaJP": "ダルガ",
    "ptBR": "Durga",
    "ruRU": "Дурга",
    "zhCN": "杜尔加"
  },
  {
    "id": 1035,
    "Key": "merca217",
    "enUS": "Neeraj",
    "zhTW": "尼爾亞",
    "deDE": "Neeraj",
    "esES": "Neeraj",
    "frFR": "Niraj",
    "itIT": "Neeraj",
    "koKR": "니라즈",
    "plPL": "Neeraj",
    "esMX": "Neeraj",
    "jaJP": "ニーラジュ",
    "ptBR": "Niraj",
    "ruRU": "Нирадж",
    "zhCN": "妮拉吉"
  },
  {
    "id": 1036,
    "Key": "merca218",
    "enUS": "Ilzan",
    "zhTW": "伊爾森",
    "deDE": "Ilsan",
    "esES": "Ilzán",
    "frFR": "Ilzan",
    "itIT": "Ilzan",
    "koKR": "준영",
    "plPL": "Ilzan",
    "esMX": "Ilzan",
    "jaJP": "イルザン",
    "ptBR": "Ilzan",
    "ruRU": "Ильзан",
    "zhCN": "伊尔赞"
  },
  {
    "id": 1037,
    "Key": "merca219",
    "enUS": "Zanarhi",
    "zhTW": "撒那利",
    "deDE": "Zanarhi",
    "esES": "Zanarhi",
    "frFR": "Zanarhi",
    "itIT": "Zanarhi",
    "koKR": "자나르히",
    "plPL": "Zanarhi",
    "esMX": "Zanarhi",
    "jaJP": "ザナルヒ",
    "ptBR": "Zanari",
    "ruRU": "Занари",
    "zhCN": "扎纳尔西"
  },
  {
    "id": 1038,
    "Key": "merca220",
    "enUS": "Waheed",
    "zhTW": "瓦黑德",
    "deDE": "Wahid",
    "esES": "Waheed",
    "frFR": "Wahid",
    "itIT": "Waheed",
    "koKR": "와히드",
    "plPL": "Waheed",
    "esMX": "Waheed",
    "jaJP": "ワヒード",
    "ptBR": "Warrid",
    "ruRU": "Вахид",
    "zhCN": "瓦希德"
  },
  {
    "id": 1039,
    "Key": "merca221",
    "enUS": "Vikhyat",
    "zhTW": "維克懷特",
    "deDE": "Vichiat",
    "esES": "Vikhyat",
    "frFR": "Vikhyat",
    "itIT": "Vikhyat",
    "koKR": "비크햐트",
    "plPL": "Vikhyat",
    "esMX": "Vikhyat",
    "jaJP": "ヴィクヒャト",
    "ptBR": "Vikiat",
    "ruRU": "Вихьят",
    "zhCN": "维希亚特"
  },
  {
    "id": 1040,
    "Key": "merca222",
    "enUS": "Jelani",
    "zhTW": "賈拉尼",
    "deDE": "Jelani",
    "esES": "Jelani",
    "frFR": "Jelani",
    "itIT": "Jelani",
    "koKR": "젤라니",
    "plPL": "Jelani",
    "esMX": "Jelani",
    "jaJP": "ジェラーニ",
    "ptBR": "Jelani",
    "ruRU": "Джелани",
    "zhCN": "杰拉尼"
  },
  {
    "id": 1041,
    "Key": "merca223",
    "enUS": "Barani",
    "zhTW": "巴拉尼",
    "deDE": "Barani",
    "esES": "Barani",
    "frFR": "Barani",
    "itIT": "Barani",
    "koKR": "석철",
    "plPL": "Barani",
    "esMX": "Barani",
    "jaJP": "バラーニ",
    "ptBR": "Barani",
    "ruRU": "Барани",
    "zhCN": "巴纳尼"
  },
  {
    "id": 1042,
    "Key": "merca224",
    "enUS": "Jabari",
    "zhTW": "賈巴利",
    "deDE": "Jabari",
    "esES": "Jabari",
    "frFR": "Jabari",
    "itIT": "Jabari",
    "koKR": "성호",
    "plPL": "Jabari",
    "esMX": "Jabari",
    "jaJP": "ジャバリ",
    "ptBR": "Jabari",
    "ruRU": "Джабари",
    "zhCN": "贾巴里"
  },
  {
    "id": 1043,
    "Key": "merca225",
    "enUS": "Devak",
    "zhTW": "迪法",
    "deDE": "Devak",
    "esES": "Devak",
    "frFR": "Devak",
    "itIT": "Devak",
    "koKR": "데바크",
    "plPL": "Devak",
    "esMX": "Devak",
    "jaJP": "デヴァク",
    "ptBR": "Devak",
    "ruRU": "Девак",
    "zhCN": "德瓦克"
  },
  {
    "id": 1044,
    "Key": "merca226",
    "enUS": "Raldin",
    "zhTW": "拉爾丁",
    "deDE": "Raldin",
    "esES": "Raldín",
    "frFR": "Raldin",
    "itIT": "Raldin",
    "koKR": "랄딘",
    "plPL": "Raldin",
    "esMX": "Raldin",
    "jaJP": "ラルディン",
    "ptBR": "Raldin",
    "ruRU": "Ралдин",
    "zhCN": "拉尔丁"
  },
  {
    "id": 1045,
    "Key": "merca227",
    "enUS": "Telash",
    "zhTW": "鐵拉西",
    "deDE": "Telasch",
    "esES": "Telash",
    "frFR": "Telash",
    "itIT": "Telash",
    "koKR": "텔라시",
    "plPL": "Telash",
    "esMX": "Telash",
    "jaJP": "テラッシュ",
    "ptBR": "Telash",
    "ruRU": "Телаш",
    "zhCN": "特拉斯"
  },
  {
    "id": 1046,
    "Key": "merca228",
    "enUS": "Ajheed",
    "zhTW": "艾傑希德",
    "deDE": "Ajheed",
    "esES": "Ajheed",
    "frFR": "Ajhid",
    "itIT": "Ajheed",
    "koKR": "아지드",
    "plPL": "Ajheed",
    "esMX": "Ajheed",
    "jaJP": "アジュヒード",
    "ptBR": "Ajid",
    "ruRU": "Аджид",
    "zhCN": "阿吉希德"
  },
  {
    "id": 1047,
    "Key": "merca229",
    "enUS": "Narphet",
    "zhTW": "拿費特",
    "deDE": "Narphet",
    "esES": "Narphet",
    "frFR": "Narphet",
    "itIT": "Narphet",
    "koKR": "나르페트",
    "plPL": "Narphet",
    "esMX": "Narphet",
    "jaJP": "ナルフェット",
    "ptBR": "Narfet",
    "ruRU": "Нарфет",
    "zhCN": "纳菲特"
  },
  {
    "id": 1048,
    "Key": "merca230",
    "enUS": "Khaleel",
    "zhTW": "凱立爾",
    "deDE": "Khalil",
    "esES": "Khaleel",
    "frFR": "Khalil",
    "itIT": "Khaleel",
    "koKR": "칼릴",
    "plPL": "Khaleel",
    "esMX": "Khalil",
    "jaJP": "カリール",
    "ptBR": "Khalil",
    "ruRU": "Халил",
    "zhCN": "卡里尔"
  },
  {
    "id": 1049,
    "Key": "merca231",
    "enUS": "Phaet",
    "zhTW": "費特",
    "deDE": "Phaet",
    "esES": "Phaet",
    "frFR": "Phaet",
    "itIT": "Phaet",
    "koKR": "파에트",
    "plPL": "Phaet",
    "esMX": "Phaet",
    "jaJP": "フィート",
    "ptBR": "Fet",
    "ruRU": "Фаэт",
    "zhCN": "菲伊特"
  },
  {
    "id": 1050,
    "Key": "merca232",
    "enUS": "Geshef",
    "zhTW": "杰希夫",
    "deDE": "Geschef",
    "esES": "Geshef",
    "frFR": "Geshef",
    "itIT": "Geshef",
    "koKR": "게셰프",
    "plPL": "Geshef",
    "esMX": "Geshef",
    "jaJP": "ゲシェフ",
    "ptBR": "Geshef",
    "ruRU": "Гешеф",
    "zhCN": "基舍夫"
  },
  {
    "id": 1051,
    "Key": "merca233",
    "enUS": "Vanji",
    "zhTW": "凡吉",
    "deDE": "Vanji",
    "esES": "Vanji",
    "frFR": "Vanji",
    "itIT": "Vanji",
    "koKR": "밴지",
    "plPL": "Vanji",
    "esMX": "Vanji",
    "jaJP": "ヴァンジ",
    "ptBR": "Vanji",
    "ruRU": "Ванджи",
    "zhCN": "万基"
  },
  {
    "id": 1052,
    "Key": "merca234",
    "enUS": "Haphet",
    "zhTW": "海費特",
    "deDE": "Haphet",
    "esES": "Haphet",
    "frFR": "Haphet",
    "itIT": "Haphet",
    "koKR": "하페트",
    "plPL": "Haphet",
    "esMX": "Haphet",
    "jaJP": "ハフェット",
    "ptBR": "Hafet",
    "ruRU": "Хафет",
    "zhCN": "哈菲特"
  },
  {
    "id": 1053,
    "Key": "merca235",
    "enUS": "Thadar",
    "zhTW": "撒達",
    "deDE": "Thadar",
    "esES": "Thadar",
    "frFR": "Thadar",
    "itIT": "Thadar",
    "koKR": "타다르",
    "plPL": "Thadar",
    "esMX": "Tadar",
    "jaJP": "サダル",
    "ptBR": "Tadar",
    "ruRU": "Тадар",
    "zhCN": "萨达尔"
  },
  {
    "id": 1054,
    "Key": "merca236",
    "enUS": "Yatiraj",
    "zhTW": "亞提賈",
    "deDE": "Yatiraj",
    "esES": "Yatiraj",
    "frFR": "Yatiraj",
    "itIT": "Yatiraj",
    "koKR": "야티라즈",
    "plPL": "Yatiraj",
    "esMX": "Yatiraj",
    "jaJP": "ヤティラジュ",
    "ptBR": "Yatiraj",
    "ruRU": "Ятираж",
    "zhCN": "亚提拉吉"
  },
  {
    "id": 1055,
    "Key": "merca237",
    "enUS": "Rhadge",
    "zhTW": "拉黑德",
    "deDE": "Rhadge",
    "esES": "Rhadge",
    "frFR": "Rhadge",
    "itIT": "Rhadge",
    "koKR": "라드게",
    "plPL": "Rhadge",
    "esMX": "Rhadge",
    "jaJP": "ラッジ",
    "ptBR": "Rade",
    "ruRU": "Радге",
    "zhCN": "拉德吉"
  },
  {
    "id": 1056,
    "Key": "merca238",
    "enUS": "Yashied",
    "zhTW": "亞席德",
    "deDE": "Yaschid",
    "esES": "Yashied",
    "frFR": "Yashied",
    "itIT": "Yashied",
    "koKR": "야시에드",
    "plPL": "Yashied",
    "esMX": "Yashied",
    "jaJP": "ヤシード",
    "ptBR": "Yashid",
    "ruRU": "Яшид",
    "zhCN": "亚希艾德"
  },
  {
    "id": 1057,
    "Key": "merca239",
    "enUS": "Jarulf",
    "zhTW": "賈魯夫",
    "deDE": "Jarulf",
    "esES": "Jarulf",
    "frFR": "Jarulf",
    "itIT": "Jarulf",
    "koKR": "자룰프",
    "plPL": "Jarulf",
    "esMX": "Jarulf",
    "jaJP": "ジャラルフ",
    "ptBR": "Jarulf",
    "ruRU": "Ярульф",
    "zhCN": "亚鲁夫"
  },
  {
    "id": 1058,
    "Key": "merca240",
    "enUS": "Flux",
    "zhTW": "弗勒克斯",
    "deDE": "Flux",
    "esES": "Flujo",
    "frFR": "Flux",
    "itIT": "Flux",
    "koKR": "플럭스",
    "plPL": "Flux",
    "esMX": "Flux",
    "jaJP": "フラックス",
    "ptBR": "Flux",
    "ruRU": "Флакс",
    "zhCN": "弗拉克斯"
  },
  {
    "id": 1059,
    "Key": "merca241",
    "enUS": "Scorch",
    "zhTW": "斯高屈",
    "deDE": "Scorch",
    "esES": "Quemar",
    "frFR": "Cram",
    "itIT": "Scorch",
    "koKR": "스코치",
    "plPL": "Scorch",
    "esMX": "Calcinar",
    "jaJP": "スコルチ",
    "ptBR": "Scorch",
    "ruRU": "Скорч",
    "zhCN": "斯科奇"
  },
  {
    "id": 3411,
    "Key": "merc01",
    "enUS": "Aliza",
    "zhTW": "艾莉薩",
    "deDE": "Alisa",
    "esES": "Aliza",
    "frFR": "Aliza",
    "itIT": "Aliza",
    "koKR": "알리자",
    "plPL": "Aliza",
    "esMX": "Aliza",
    "jaJP": "アリザ",
    "ptBR": "Aliza",
    "ruRU": "Ализа",
    "zhCN": "阿丽萨"
  },
  {
    "id": 3412,
    "Key": "merc02",
    "enUS": "Amplisa",
    "zhTW": "安普利莎",
    "deDE": "Amplisa",
    "esES": "Amplisa",
    "frFR": "Amplisa",
    "itIT": "Amplisa",
    "koKR": "암플리사",
    "plPL": "Amplisa",
    "esMX": "Amplisa",
    "jaJP": "アンプリーサ",
    "ptBR": "Amplisa",
    "ruRU": "Амплиса",
    "zhCN": "安普丽萨"
  },
  {
    "id": 3413,
    "Key": "merc03",
    "enUS": "Annor",
    "zhTW": "安諾",
    "deDE": "Annor",
    "esES": "Annor",
    "frFR": "Annor",
    "itIT": "Annor",
    "koKR": "안노르",
    "plPL": "Annor",
    "esMX": "Annor",
    "jaJP": "アノール",
    "ptBR": "Annor",
    "ruRU": "Аннор",
    "zhCN": "安诺儿"
  },
  {
    "id": 3414,
    "Key": "merc04",
    "enUS": "Abhaya",
    "zhTW": "艾伯海雅",
    "deDE": "Abhaya",
    "esES": "Abhaya",
    "frFR": "Abhaya",
    "itIT": "Abhaya",
    "koKR": "아브하야",
    "plPL": "Abhaya",
    "esMX": "Abhaya",
    "jaJP": "アブハヤ",
    "ptBR": "Abaia",
    "ruRU": "Абайя",
    "zhCN": "阿巴雅"
  },
  {
    "id": 3415,
    "Key": "merc05",
    "enUS": "Evie",
    "zhTW": "艾莉",
    "deDE": "Elly",
    "esES": "Elly",
    "frFR": "Elly",
    "itIT": "Elly",
    "koKR": "엘리",
    "plPL": "Elly",
    "esMX": "Elly",
    "jaJP": "エリー",
    "ptBR": "Elly",
    "ruRU": "Элли",
    "zhCN": "艾丽"
  },
  {
    "id": 3416,
    "Key": "merc06",
    "enUS": "Paige",
    "zhTW": "佩吉",
    "deDE": "Paige",
    "esES": "Paige",
    "frFR": "Paige",
    "itIT": "Paige",
    "koKR": "페이지",
    "plPL": "Paige",
    "esMX": "Paige",
    "jaJP": "ペイジ",
    "ptBR": "Priscila",
    "ruRU": "Пейдж",
    "zhCN": "派吉"
  },
  {
    "id": 3417,
    "Key": "merc07",
    "enUS": "Basanti",
    "zhTW": "巴森媞",
    "deDE": "Basanti",
    "esES": "Basanti",
    "frFR": "Basanti",
    "itIT": "Basanti",
    "koKR": "바산티",
    "plPL": "Basanti",
    "esMX": "Basanti",
    "jaJP": "バサンティ",
    "ptBR": "Basanti",
    "ruRU": "Басанти",
    "zhCN": "巴森提"
  },
  {
    "id": 3418,
    "Key": "merc08",
    "enUS": "Blaise",
    "zhTW": "布萊絲",
    "deDE": "Blaise",
    "esES": "Blaise",
    "frFR": "Blaise",
    "itIT": "Blaise",
    "koKR": "블레이즈",
    "plPL": "Blaise",
    "esMX": "Blaise",
    "jaJP": "ブレーズ",
    "ptBR": "Bianca",
    "ruRU": "Блейз",
    "zhCN": "布蕾西"
  },
  {
    "id": 3419,
    "Key": "merc09",
    "enUS": "Kyoko",
    "zhTW": "京子",
    "deDE": "Kyoko",
    "esES": "Kyoko",
    "frFR": "Kyoko",
    "itIT": "Kyoko",
    "koKR": "유리",
    "plPL": "Kyoko",
    "esMX": "Kyoko",
    "jaJP": "キョウコ",
    "ptBR": "Kyoko",
    "ruRU": "Киоко",
    "zhCN": "京子"
  },
  {
    "id": 3420,
    "Key": "merc10",
    "enUS": "Klaudia",
    "zhTW": "克勞蒂亞",
    "deDE": "Klaudia",
    "esES": "Klaudia",
    "frFR": "Klaudia",
    "itIT": "Klaudia",
    "koKR": "클라우디아",
    "plPL": "Klaudia",
    "esMX": "Klaudia",
    "jaJP": "クローディア",
    "ptBR": "Claudia",
    "ruRU": "Клаудия",
    "zhCN": "克劳蒂亚"
  },
  {
    "id": 3421,
    "Key": "merc11",
    "enUS": "Kundri",
    "zhTW": "昆德莉",
    "deDE": "Kundri",
    "esES": "Kundri",
    "frFR": "Kundri",
    "itIT": "Kundri",
    "koKR": "쿤드리",
    "plPL": "Kundri",
    "esMX": "Kundri",
    "jaJP": "クンドゥリ",
    "ptBR": "Kundri",
    "ruRU": "Кундри",
    "zhCN": "昆德蕊"
  },
  {
    "id": 3422,
    "Key": "merc12",
    "enUS": "Kyle",
    "zhTW": "凱爾",
    "deDE": "Kylo",
    "esES": "Kyle",
    "frFR": "Kyle",
    "itIT": "Kyle",
    "koKR": "카일",
    "plPL": "Kyle",
    "esMX": "Kyle",
    "jaJP": "カイル",
    "ptBR": "Caio",
    "ruRU": "Кайли",
    "zhCN": "凯尔"
  },
  {
    "id": 3423,
    "Key": "merc13",
    "enUS": "Visala",
    "zhTW": "維莎莉亞",
    "deDE": "Visala",
    "esES": "Visala",
    "frFR": "Visala",
    "itIT": "Visala",
    "koKR": "비살라",
    "plPL": "Visala",
    "esMX": "Visala",
    "jaJP": "ヴィサラ",
    "ptBR": "Visala",
    "ruRU": "Висала",
    "zhCN": "维萨拉"
  },
  {
    "id": 3424,
    "Key": "merc14",
    "enUS": "Elexa",
    "zhTW": "依麗莎",
    "deDE": "Elexa",
    "esES": "Elexa",
    "frFR": "Elexa",
    "itIT": "Elexa",
    "koKR": "엘렉사",
    "plPL": "Elexa",
    "esMX": "Elexa",
    "jaJP": "エレクサ",
    "ptBR": "Elexa",
    "ruRU": "Элекса",
    "zhCN": "奥雷克萨"
  },
  {
    "id": 3425,
    "Key": "merc15",
    "enUS": "Floria",
    "zhTW": "弗蘿利亞",
    "deDE": "Floria",
    "esES": "Floria",
    "frFR": "Floria",
    "itIT": "Floria",
    "koKR": "플로리아",
    "plPL": "Floria",
    "esMX": "Floria",
    "jaJP": "フローリア",
    "ptBR": "Flória",
    "ruRU": "Флория",
    "zhCN": "弗萝利亚"
  },
  {
    "id": 3426,
    "Key": "merc16",
    "enUS": "Fiona",
    "zhTW": "費歐娜",
    "deDE": "Fiona",
    "esES": "Fiona",
    "frFR": "Fiona",
    "itIT": "Fiona",
    "koKR": "피오나",
    "plPL": "Fiona",
    "esMX": "Fiona",
    "jaJP": "フィオナ",
    "ptBR": "Fiona",
    "ruRU": "Фиона",
    "zhCN": "菲欧娜"
  },
  {
    "id": 3427,
    "Key": "merc17",
    "enUS": "Gwinni",
    "zhTW": "吉溫妮",
    "deDE": "Gwinni",
    "esES": "Gwinni",
    "frFR": "Gwinni",
    "itIT": "Gwinni",
    "koKR": "그위니",
    "plPL": "Gwinni",
    "esMX": "Gwinni",
    "jaJP": "グウィニ",
    "ptBR": "Guinni",
    "ruRU": "Гвинни",
    "zhCN": "基温尼"
  },
  {
    "id": 3428,
    "Key": "merc18",
    "enUS": "Gaile",
    "zhTW": "蓋兒",
    "deDE": "Geli",
    "esES": "Gaile",
    "frFR": "Gaile",
    "itIT": "Gaile",
    "koKR": "게일",
    "plPL": "Gaile",
    "esMX": "Gaile",
    "jaJP": "ゲイル",
    "ptBR": "Gilda",
    "ruRU": "Гейл",
    "zhCN": "盖尔"
  },
  {
    "id": 3429,
    "Key": "merc19",
    "enUS": "Hannah",
    "zhTW": "哈娜",
    "deDE": "Hannah",
    "esES": "Hannah",
    "frFR": "Hannah",
    "itIT": "Hannah",
    "koKR": "한나",
    "plPL": "Hannah",
    "esMX": "Atenea",
    "jaJP": "ハンナ",
    "ptBR": "Hanna",
    "ruRU": "Ханна",
    "zhCN": "哈娜"
  },
  {
    "id": 3430,
    "Key": "merc20",
    "enUS": "Heather",
    "zhTW": "海瑟",
    "deDE": "Heide",
    "esES": "Heather",
    "frFR": "Heather",
    "itIT": "Heather",
    "koKR": "헤더",
    "plPL": "Heather",
    "esMX": "Heather",
    "jaJP": "ヘザー",
    "ptBR": "Ester",
    "ruRU": "Хезер",
    "zhCN": "希瑟"
  },
  {
    "id": 3431,
    "Key": "merc21",
    "enUS": "Bethany",
    "zhTW": "艾蓮娜",
    "deDE": "Iantha",
    "esES": "Iantha",
    "frFR": "Iantha",
    "itIT": "Iantha",
    "koKR": "이안타",
    "plPL": "Iantha",
    "esMX": "Iantha",
    "jaJP": "イアンサ",
    "ptBR": "Ianta",
    "ruRU": "Ианта",
    "zhCN": "伊安萨"
  },
  {
    "id": 3432,
    "Key": "merc22",
    "enUS": "Diane",
    "zhTW": "黛安",
    "deDE": "Diane",
    "esES": "Diana",
    "frFR": "Diane",
    "itIT": "Diane",
    "koKR": "다이엔",
    "plPL": "Diane",
    "esMX": "Diane",
    "jaJP": "ダイアン",
    "ptBR": "Diana",
    "ruRU": "Диана",
    "zhCN": "戴安妮"
  },
  {
    "id": 3433,
    "Key": "merc23",
    "enUS": "Kaylie",
    "zhTW": "依索德",
    "deDE": "Isolde",
    "esES": "Isolda",
    "frFR": "Isolde",
    "itIT": "Isolde",
    "koKR": "이졸데",
    "plPL": "Isolde",
    "esMX": "Isolde",
    "jaJP": "イゾルダ",
    "ptBR": "Isolda",
    "ruRU": "Изольда",
    "zhCN": "伊索德"
  },
  {
    "id": 3434,
    "Key": "merc24",
    "enUS": "Divo",
    "zhTW": "迪佛",
    "deDE": "Divo",
    "esES": "Divo",
    "frFR": "Divo",
    "itIT": "Divo",
    "koKR": "디보",
    "plPL": "Divo",
    "esMX": "Divo",
    "jaJP": "ディーヴォ",
    "ptBR": "Divo",
    "ruRU": "Диво",
    "zhCN": "迪沃"
  },
  {
    "id": 3435,
    "Key": "merc25",
    "enUS": "Ithera",
    "zhTW": "依索拉",
    "deDE": "Ithera",
    "esES": "Ithera",
    "frFR": "Ithera",
    "itIT": "Ithera",
    "koKR": "미라",
    "plPL": "Ithera",
    "esMX": "Ithera",
    "jaJP": "イセラ",
    "ptBR": "Itera",
    "ruRU": "Итера",
    "zhCN": "伊瑟拉"
  },
  {
    "id": 3436,
    "Key": "merc26",
    "enUS": "Itonya",
    "zhTW": "伊東亞",
    "deDE": "Itonya",
    "esES": "Itonya",
    "frFR": "Itonya",
    "itIT": "Itonya",
    "koKR": "이토냐",
    "plPL": "Itonya",
    "esMX": "Itonya",
    "jaJP": "アイトーニャ",
    "ptBR": "Itônia",
    "ruRU": "Итония",
    "zhCN": "伊童雅"
  },
  {
    "id": 3437,
    "Key": "merc27",
    "enUS": "Liene",
    "zhTW": "雷伊妮",
    "deDE": "Liene",
    "esES": "Liene",
    "frFR": "Liene",
    "itIT": "Liene",
    "koKR": "리엔",
    "plPL": "Liene",
    "esMX": "Liene",
    "jaJP": "リアン",
    "ptBR": "Liane",
    "ruRU": "Лиена",
    "zhCN": "黎恩"
  },
  {
    "id": 3438,
    "Key": "merc28",
    "enUS": "Maeko",
    "zhTW": "梅可",
    "deDE": "Mäko",
    "esES": "Maeko",
    "frFR": "Maeko",
    "itIT": "Maeko",
    "koKR": "마에코",
    "plPL": "Maeko",
    "esMX": "Maeko",
    "jaJP": "メイコ",
    "ptBR": "Maeko",
    "ruRU": "Маэко",
    "zhCN": "米克"
  },
  {
    "id": 3439,
    "Key": "merc29",
    "enUS": "Mahala",
    "zhTW": "瑪哈拉",
    "deDE": "Mahala",
    "esES": "Mahala",
    "frFR": "Mahala",
    "itIT": "Mahala",
    "koKR": "마할라",
    "plPL": "Mahala",
    "esMX": "Mahala",
    "jaJP": "マハーラ",
    "ptBR": "Maala",
    "ruRU": "Магала",
    "zhCN": "马哈拉"
  },
  {
    "id": 3440,
    "Key": "merc30",
    "enUS": "Liaza",
    "zhTW": "莉莎",
    "deDE": "Liasa",
    "esES": "Liaza",
    "frFR": "Liaza",
    "itIT": "Liaza",
    "koKR": "리아자",
    "plPL": "Liaza",
    "esMX": "Liaza",
    "jaJP": "リアーザ",
    "ptBR": "Liaza",
    "ruRU": "Лиаза",
    "zhCN": "利亚萨"
  },
  {
    "id": 3441,
    "Key": "merc31",
    "enUS": "Meghan",
    "zhTW": "梅葛哈",
    "deDE": "Meghan",
    "esES": "Meghan",
    "frFR": "Meghan",
    "itIT": "Meghan",
    "koKR": "메간",
    "plPL": "Meghan",
    "esMX": "Meghan",
    "jaJP": "メーガン",
    "ptBR": "Megan",
    "ruRU": "Меган",
    "zhCN": "梅甘"
  },
  {
    "id": 3442,
    "Key": "merc32",
    "enUS": "Olena",
    "zhTW": "奧蓮娜",
    "deDE": "Olena",
    "esES": "Olena",
    "frFR": "Olena",
    "itIT": "Olena",
    "koKR": "올레나",
    "plPL": "Olena",
    "esMX": "Olena",
    "jaJP": "オレーナ",
    "ptBR": "Olena",
    "ruRU": "Олена",
    "zhCN": "奥蕾娜"
  },
  {
    "id": 3443,
    "Key": "merc33",
    "enUS": "Oriana",
    "zhTW": "奧麗亞娜",
    "deDE": "Oriana",
    "esES": "Oriana",
    "frFR": "Oriana",
    "itIT": "Oriana",
    "koKR": "오리아나",
    "plPL": "Oriana",
    "esMX": "Oriana",
    "jaJP": "オリアーナ",
    "ptBR": "Oriana",
    "ruRU": "Ориана",
    "zhCN": "奥利安娜"
  },
  {
    "id": 3444,
    "Key": "merc34",
    "enUS": "Ryann",
    "zhTW": "萊恩",
    "deDE": "Ryann",
    "esES": "Ryann",
    "frFR": "Ryann",
    "itIT": "Ryann",
    "koKR": "라이앤",
    "plPL": "Ryann",
    "esMX": "Ryann",
    "jaJP": "レアンヌ",
    "ptBR": "Rian",
    "ruRU": "Рианн",
    "zhCN": "瑞安"
  },
  {
    "id": 3445,
    "Key": "merc35",
    "enUS": "Rozene",
    "zhTW": "羅珊妮",
    "deDE": "Rosene",
    "esES": "Rozene",
    "frFR": "Rozene",
    "itIT": "Rozene",
    "koKR": "로젠",
    "plPL": "Rozene",
    "esMX": "Rozene",
    "jaJP": "ロゼーヌ",
    "ptBR": "Rozene",
    "ruRU": "Розена",
    "zhCN": "罗泽妮"
  },
  {
    "id": 3446,
    "Key": "merc36",
    "enUS": "Raissa",
    "zhTW": "萊莎",
    "deDE": "Raissa",
    "esES": "Raisa",
    "frFR": "Raissa",
    "itIT": "Raissa",
    "koKR": "라이사",
    "plPL": "Raissa",
    "esMX": "Raissa",
    "jaJP": "ライサ",
    "ptBR": "Raíssa",
    "ruRU": "Раисса",
    "zhCN": "雷萨"
  },
  {
    "id": 3447,
    "Key": "merc37",
    "enUS": "Sharyn",
    "zhTW": "夏琳",
    "deDE": "Scharyn",
    "esES": "Sharyn",
    "frFR": "Sharyn",
    "itIT": "Sharyn",
    "koKR": "샤린",
    "plPL": "Sharyn",
    "esMX": "Sharyn",
    "jaJP": "シャリン",
    "ptBR": "Sharin",
    "ruRU": "Шарин",
    "zhCN": "夏琳"
  },
  {
    "id": 3448,
    "Key": "merc38",
    "enUS": "Shikha",
    "zhTW": "席克哈",
    "deDE": "Schicha",
    "esES": "Shija",
    "frFR": "Shikha",
    "itIT": "Shikha",
    "koKR": "쉬카",
    "plPL": "Shikha",
    "esMX": "Shikha",
    "jaJP": "シクハ",
    "ptBR": "Shika",
    "ruRU": "Шикха",
    "zhCN": "席卡"
  },
  {
    "id": 3449,
    "Key": "merc39",
    "enUS": "Debi",
    "zhTW": "戴比",
    "deDE": "Debi",
    "esES": "Debi",
    "frFR": "Debi",
    "itIT": "Debi",
    "koKR": "데비",
    "plPL": "Debi",
    "esMX": "Debi",
    "jaJP": "デビー",
    "ptBR": "Debi",
    "ruRU": "Деби",
    "zhCN": "黛比"
  },
  {
    "id": 3450,
    "Key": "merc40",
    "enUS": "Tylena",
    "zhTW": "泰蓮娜",
    "deDE": "Tylena",
    "esES": "Tylena",
    "frFR": "Tylena",
    "itIT": "Tylena",
    "koKR": "틸레나",
    "plPL": "Tylena",
    "esMX": "Tylena",
    "jaJP": "ティレーナ",
    "ptBR": "Tilena",
    "ruRU": "Тилена",
    "zhCN": "泰蕾娜"
  },
  {
    "id": 3451,
    "Key": "merc41",
    "enUS": "Wendy",
    "zhTW": "溫蒂",
    "deDE": "Wendy",
    "esES": "Wendy",
    "frFR": "Wendy",
    "itIT": "Wendy",
    "koKR": "웬디",
    "plPL": "Wendy",
    "esMX": "Wendy",
    "jaJP": "ウェンディ",
    "ptBR": "Wendy",
    "ruRU": "Венди",
    "zhCN": "温迪"
  },
  {
    "id": 10835,
    "Key": "MercX101",
    "enUS": "Varaya",
    "zhTW": "伐拉亞",
    "deDE": "Vakir",
    "esES": "Vakir",
    "frFR": "Varaya",
    "itIT": "Varaya",
    "koKR": "바라야",
    "plPL": "Varaya",
    "esMX": "Varaya",
    "jaJP": "ヴァラヤ",
    "ptBR": "Varaia",
    "ruRU": "Варайя",
    "zhCN": "瓦拉亚"
  },
  {
    "id": 10836,
    "Key": "MercX102",
    "enUS": "Khan",
    "zhTW": "可汗",
    "deDE": "Khan",
    "esES": "Khan",
    "frFR": "Khan",
    "itIT": "Khan",
    "koKR": "칸",
    "plPL": "Khan",
    "esMX": "Khan",
    "jaJP": "カーン",
    "ptBR": "Khan",
    "ruRU": "Хан",
    "zhCN": "可汗"
  },
  {
    "id": 10837,
    "Key": "MercX103",
    "enUS": "Klisk",
    "zhTW": "克理斯克",
    "deDE": "Lwik",
    "esES": "Lwik",
    "frFR": "Klisk",
    "itIT": "Klisk",
    "koKR": "클리스크",
    "plPL": "Klisk",
    "esMX": "Klisk",
    "jaJP": "クリスク",
    "ptBR": "Klisk",
    "ruRU": "Клиск",
    "zhCN": "克里斯克"
  },
  {
    "id": 10838,
    "Key": "MercX104",
    "enUS": "Bors",
    "zhTW": "柏斯",
    "deDE": "Bors",
    "esES": "Bors",
    "frFR": "Bors",
    "itIT": "Bors",
    "koKR": "보르스",
    "plPL": "Bors",
    "esMX": "Bors",
    "jaJP": "ボルス",
    "ptBR": "Bors",
    "ruRU": "Борс",
    "zhCN": "波尔斯"
  },
  {
    "id": 10839,
    "Key": "MercX105",
    "enUS": "Brom",
    "zhTW": "波姆",
    "deDE": "Brom",
    "esES": "Brom",
    "frFR": "Brom",
    "itIT": "Brom",
    "koKR": "브롬",
    "plPL": "Brom",
    "esMX": "Brom",
    "jaJP": "ブロム",
    "ptBR": "Brom",
    "ruRU": "Бром",
    "zhCN": "布隆姆"
  },
  {
    "id": 10840,
    "Key": "MercX106",
    "enUS": "Wiglaf",
    "zhTW": "衛格萊夫",
    "deDE": "Wiaf",
    "esES": "Wiaf",
    "frFR": "Wiglaf",
    "itIT": "Wiglaf",
    "koKR": "위글라프",
    "plPL": "Wiglaf",
    "esMX": "Wiglaf",
    "jaJP": "ウィグラフ",
    "ptBR": "Wiglaf",
    "ruRU": "Виглаф",
    "zhCN": "维格拉夫"
  },
  {
    "id": 10841,
    "Key": "MercX107",
    "enUS": "Hrothgar",
    "zhTW": "霍勒斯加",
    "deDE": "Litot",
    "esES": "Litot",
    "frFR": "Hrothgar",
    "itIT": "Hrothgar",
    "koKR": "흐로스가",
    "plPL": "Hrothgar",
    "esMX": "Hrothgar",
    "jaJP": "フロスガル",
    "ptBR": "Rotgar",
    "ruRU": "Хротгар",
    "zhCN": "赫洛斯加"
  },
  {
    "id": 10842,
    "Key": "MercX108",
    "enUS": "Scyld",
    "zhTW": "西勒德",
    "deDE": "Scyld",
    "esES": "Scyld",
    "frFR": "Scyld",
    "itIT": "Scyld",
    "koKR": "스킬드",
    "plPL": "Scyld",
    "esMX": "Scyld",
    "jaJP": "サイルド",
    "ptBR": "Cylde",
    "ruRU": "Скильд",
    "zhCN": "赛尔德"
  },
  {
    "id": 10843,
    "Key": "MercX109",
    "enUS": "Healfdane",
    "zhTW": "海爾夫坦",
    "deDE": "Hilfn",
    "esES": "Hilfn",
    "frFR": "Hilfdane",
    "itIT": "Healfdane",
    "koKR": "힐프데인",
    "plPL": "Healfdane",
    "esMX": "Healfdane",
    "jaJP": "ヘルフデイン",
    "ptBR": "Hafdan",
    "ruRU": "Хальфдан",
    "zhCN": "希福达恩"
  },
  {
    "id": 10844,
    "Key": "MercX110",
    "enUS": "Heorogar",
    "zhTW": "赫羅加",
    "deDE": "Jogar",
    "esES": "Rogar",
    "frFR": "Heorogar",
    "itIT": "Heorogar",
    "koKR": "헤오로가르",
    "plPL": "Heorogar",
    "esMX": "Heorogar",
    "jaJP": "ヘオロガル",
    "ptBR": "Erogar",
    "ruRU": "Хеорогар",
    "zhCN": "西奥洛迦"
  },
  {
    "id": 10845,
    "Key": "MercX111",
    "enUS": "Halgaunt",
    "zhTW": "海爾甘特",
    "deDE": "Iaent",
    "esES": "Haent",
    "frFR": "Halgaunt",
    "itIT": "Halgaunt",
    "koKR": "할가운트",
    "plPL": "Halgaunt",
    "esMX": "Halgaunt",
    "jaJP": "ハルガウント",
    "ptBR": "Halgaunt",
    "ruRU": "Халгаунт",
    "zhCN": "哈尔贡特"
  },
  {
    "id": 10846,
    "Key": "MercX112",
    "enUS": "Hygelac",
    "zhTW": "海格拉克",
    "deDE": "Qelac",
    "esES": "Qelac",
    "frFR": "Hygelac",
    "itIT": "Hygelac",
    "koKR": "하이겔락",
    "plPL": "Hygelac",
    "esMX": "Hygelac",
    "jaJP": "ヒジェラック",
    "ptBR": "Riguelac",
    "ruRU": "Хигелак",
    "zhCN": "海格纳克"
  },
  {
    "id": 10847,
    "Key": "MercX113",
    "enUS": "Egtheow",
    "zhTW": "艾格索",
    "deDE": "Ehoui",
    "esES": "Ehoui",
    "frFR": "Egtheow",
    "itIT": "Egtheow",
    "koKR": "에그소",
    "plPL": "Egtheow",
    "esMX": "Egtheow",
    "jaJP": "エグシオウ",
    "ptBR": "Egteo",
    "ruRU": "Эгтеов",
    "zhCN": "艾格西乌"
  },
  {
    "id": 10848,
    "Key": "MercX114",
    "enUS": "Bohdan",
    "zhTW": "波赫丹",
    "deDE": "Bidan",
    "esES": "Bidan",
    "frFR": "Bohdan",
    "itIT": "Bohdan",
    "koKR": "보단",
    "plPL": "Bohdan",
    "esMX": "Bohdan",
    "jaJP": "ボーダン",
    "ptBR": "Bodan",
    "ruRU": "Бодан",
    "zhCN": "柏和丹"
  },
  {
    "id": 10849,
    "Key": "MercX115",
    "enUS": "Wulfgar",
    "zhTW": "沃夫加",
    "deDE": "Ifger",
    "esES": "Ifger",
    "frFR": "Wulfgar",
    "itIT": "Wulfgar",
    "koKR": "울프가르",
    "plPL": "Wulfgar",
    "esMX": "Wulfgar",
    "jaJP": "ウォルフガル",
    "ptBR": "Wulfgar",
    "ruRU": "Вульфгар",
    "zhCN": "沃夫加尔"
  },
  {
    "id": 10850,
    "Key": "MercX116",
    "enUS": "Hild",
    "zhTW": "希爾德",
    "deDE": "Hild",
    "esES": "Hild",
    "frFR": "Hild",
    "itIT": "Hild",
    "koKR": "힐드",
    "plPL": "Hild",
    "esMX": "Hild",
    "jaJP": "ヒルド",
    "ptBR": "Hild",
    "ruRU": "Хильд",
    "zhCN": "希尔德"
  },
  {
    "id": 10851,
    "Key": "MercX117",
    "enUS": "Heatholaf",
    "zhTW": "希斯洛夫",
    "deDE": "Hatho",
    "esES": "Hatho",
    "frFR": "Heatholaf",
    "itIT": "Heatholaf",
    "koKR": "히솔라프",
    "plPL": "Heatholaf",
    "esMX": "Heatholaf",
    "jaJP": "ハーソラフ",
    "ptBR": "Etolaf",
    "ruRU": "Хитолаф",
    "zhCN": "西索拉夫"
  },
  {
    "id": 10852,
    "Key": "MercX118",
    "enUS": "Weder",
    "zhTW": "魏德",
    "deDE": "Veder",
    "esES": "Veder",
    "frFR": "Weder",
    "itIT": "Weder",
    "koKR": "웨데르",
    "plPL": "Weder",
    "esMX": "Weder",
    "jaJP": "ウェダル",
    "ptBR": "Weder",
    "ruRU": "Ведер",
    "zhCN": "维德尔"
  },
  {
    "id": 10853,
    "Key": "MercX119",
    "enUS": "Vikhyat",
    "zhTW": "維克海亞特",
    "deDE": "Vihat",
    "esES": "Vikhyat",
    "frFR": "Vikhyat",
    "itIT": "Vikhyat",
    "koKR": "비크햐트",
    "plPL": "Vikhyat",
    "esMX": "Vikhyat",
    "jaJP": "ヴィクヒャト",
    "ptBR": "Vikiat",
    "ruRU": "Вихьят",
    "zhCN": "维基亚特"
  },
  {
    "id": 10854,
    "Key": "MercX120",
    "enUS": "Unferth",
    "zhTW": "安佛斯",
    "deDE": "Flrth",
    "esES": "Ferth",
    "frFR": "Unferth",
    "itIT": "Unferth",
    "koKR": "운페르트",
    "plPL": "Unferth",
    "esMX": "Unferth",
    "jaJP": "アンフェルス",
    "ptBR": "Unfert",
    "ruRU": "Унферт",
    "zhCN": "昂菲斯"
  },
  {
    "id": 10855,
    "Key": "MercX121",
    "enUS": "Sigemund",
    "zhTW": "希格門德",
    "deDE": "Tund",
    "esES": "Tund",
    "frFR": "Sigemund",
    "itIT": "Sigemund",
    "koKR": "시게문드",
    "plPL": "Sigemund",
    "esMX": "Sigemund",
    "jaJP": "シグムンド",
    "ptBR": "Sigmund",
    "ruRU": "Сигемунд",
    "zhCN": "希格蒙德"
  },
  {
    "id": 10856,
    "Key": "MercX122",
    "enUS": "Heremod",
    "zhTW": "希爾穆特",
    "deDE": "Ermd",
    "esES": "Ermod",
    "frFR": "Heremod",
    "itIT": "Heremod",
    "koKR": "헤레모드",
    "plPL": "Heremod",
    "esMX": "Heremod",
    "jaJP": "ヘレモッド",
    "ptBR": "Eremod",
    "ruRU": "Геремод",
    "zhCN": "赫雷默德"
  },
  {
    "id": 10857,
    "Key": "MercX123",
    "enUS": "Hengest",
    "zhTW": "罕格斯特",
    "deDE": "Hoglt",
    "esES": "Hogst",
    "frFR": "Hengest",
    "itIT": "Hengest",
    "koKR": "헨게스트",
    "plPL": "Hengest",
    "esMX": "Hengest",
    "jaJP": "ヘンジェスト",
    "ptBR": "Engest",
    "ruRU": "Хенгист",
    "zhCN": "亨杰斯特"
  },
  {
    "id": 10858,
    "Key": "MercX124",
    "enUS": "Folcwald",
    "zhTW": "弗克魏爾德",
    "deDE": "Feol",
    "esES": "Feold",
    "frFR": "Folcwald",
    "itIT": "Folcwald",
    "koKR": "폴크왈드",
    "plPL": "Folcwald",
    "esMX": "Folcwald",
    "jaJP": "フルクワルド",
    "ptBR": "Folcwald",
    "ruRU": "Фольквальд",
    "zhCN": "佛科瓦尔德"
  },
  {
    "id": 10859,
    "Key": "MercX125",
    "enUS": "Frisian",
    "zhTW": "弗雷斯坦",
    "deDE": "Fianz",
    "esES": "Fianz",
    "frFR": "Frisian",
    "itIT": "Frisian",
    "koKR": "프리지안",
    "plPL": "Frisian",
    "esMX": "Frisian",
    "jaJP": "フリジアン",
    "ptBR": "Frisian",
    "ruRU": "Фризиан",
    "zhCN": "弗里贤"
  },
  {
    "id": 10860,
    "Key": "MercX126",
    "enUS": "Hnaef",
    "zhTW": "荷那夫",
    "deDE": "Hnaf",
    "esES": "Hnaef",
    "frFR": "Hnaef",
    "itIT": "Hnaef",
    "koKR": "흐네프",
    "plPL": "Hnaef",
    "esMX": "Hnaef",
    "jaJP": "フネイフ",
    "ptBR": "Nef",
    "ruRU": "Хнаф",
    "zhCN": "纳伊夫"
  },
  {
    "id": 10861,
    "Key": "MercX127",
    "enUS": "Guthlaf",
    "zhTW": "高斯拉夫",
    "deDE": "Thlf",
    "esES": "Thlaf",
    "frFR": "Guthlaf",
    "itIT": "Guthlaf",
    "koKR": "구슬라프",
    "plPL": "Guthlaf",
    "esMX": "Guthlaf",
    "jaJP": "ガスラフ",
    "ptBR": "Gutlaf",
    "ruRU": "Гутлаф",
    "zhCN": "古特拉夫"
  },
  {
    "id": 10862,
    "Key": "MercX128",
    "enUS": "Oslaf",
    "zhTW": "歐斯拉夫",
    "deDE": "Oslaf",
    "esES": "Oslaf",
    "frFR": "Oslaf",
    "itIT": "Oslaf",
    "koKR": "오슬라프",
    "plPL": "Oslaf",
    "esMX": "Oslaf",
    "jaJP": "オスラフ",
    "ptBR": "Oslaf",
    "ruRU": "Ослаф",
    "zhCN": "欧斯拉夫"
  },
  {
    "id": 10863,
    "Key": "MercX129",
    "enUS": "Yrmenlaf",
    "zhTW": "亞門拉夫",
    "deDE": "Jlaf",
    "esES": "Jlaf",
    "frFR": "Yrmenlaf",
    "itIT": "Yrmenlaf",
    "koKR": "이르멘라프",
    "plPL": "Yrmenlaf",
    "esMX": "Yrmenlaf",
    "jaJP": "ヨルムンラフ",
    "ptBR": "Irmenlaf",
    "ruRU": "Ирменлаф",
    "zhCN": "伊门拉夫"
  },
  {
    "id": 10864,
    "Key": "MercX130",
    "enUS": "Garmund",
    "zhTW": "加門德",
    "deDE": "Oslae",
    "esES": "Osfae",
    "frFR": "Garmund",
    "itIT": "Garmund",
    "koKR": "가르문드",
    "plPL": "Garmund",
    "esMX": "Garmund",
    "jaJP": "ガルムンド",
    "ptBR": "Garmund",
    "ruRU": "Гармунд",
    "zhCN": "加尔蒙德"
  },
  {
    "id": 10865,
    "Key": "MercX131",
    "enUS": "Lanth",
    "zhTW": "拉恩斯",
    "deDE": "Friu",
    "esES": "Freu",
    "frFR": "Freawaru",
    "itIT": "Freawaru",
    "koKR": "란트",
    "plPL": "Lanth",
    "esMX": "Lanth",
    "jaJP": "ランス",
    "ptBR": "Lant",
    "ruRU": "Лант",
    "zhCN": "朗斯"
  },
  {
    "id": 10866,
    "Key": "MercX132",
    "enUS": "Eadgils",
    "zhTW": "艾德格理斯",
    "deDE": "Agils",
    "esES": "Agils",
    "frFR": "Eadgils",
    "itIT": "Eadgils",
    "koKR": "이드길스",
    "plPL": "Eadgils",
    "esMX": "Eadgils",
    "jaJP": "イードギルズ",
    "ptBR": "Eguil",
    "ruRU": "Адильс",
    "zhCN": "伊德吉斯"
  },
  {
    "id": 10867,
    "Key": "MercX133",
    "enUS": "Onela",
    "zhTW": "奧尼拉",
    "deDE": "Onel",
    "esES": "Onela",
    "frFR": "Onela",
    "itIT": "Onela",
    "koKR": "오넬라",
    "plPL": "Onela",
    "esMX": "Onela",
    "jaJP": "オニーラ",
    "ptBR": "Onela",
    "ruRU": "Онела",
    "zhCN": "欧内拉"
  },
  {
    "id": 10868,
    "Key": "MercX134",
    "enUS": "Damien",
    "zhTW": "戴米安",
    "deDE": "Dama",
    "esES": "Damien",
    "frFR": "Damien",
    "itIT": "Damien",
    "koKR": "다미엔",
    "plPL": "Damien",
    "esMX": "Damien",
    "jaJP": "ダミアン",
    "ptBR": "Damião",
    "ruRU": "Дамиен",
    "zhCN": "达米恩"
  },
  {
    "id": 10869,
    "Key": "MercX135",
    "enUS": "Tryneus",
    "zhTW": "崔尼爾斯",
    "deDE": "Erfor",
    "esES": "Erfor",
    "frFR": "Erfor",
    "itIT": "Erfor",
    "koKR": "트리네우스",
    "plPL": "Tryneus",
    "esMX": "Tryneus",
    "jaJP": "トリニュース",
    "ptBR": "Trineu",
    "ruRU": "Триней",
    "zhCN": "特瑞纽斯"
  },
  {
    "id": 10870,
    "Key": "MercX136",
    "enUS": "Klar",
    "zhTW": "克拉爾",
    "deDE": "Iejyz",
    "esES": "Wejyz",
    "frFR": "Weohstan",
    "itIT": "Weohstan",
    "koKR": "클라르",
    "plPL": "Klar",
    "esMX": "Klar",
    "jaJP": "クラル",
    "ptBR": "Klar",
    "ruRU": "Клар",
    "zhCN": "克拉"
  },
  {
    "id": 10871,
    "Key": "MercX137",
    "enUS": "Wulf",
    "zhTW": "沃爾夫",
    "deDE": "Wulf",
    "esES": "Wulf",
    "frFR": "Wulf",
    "itIT": "Wulf",
    "koKR": "울프",
    "plPL": "Wulf",
    "esMX": "Wulf",
    "jaJP": "ウォルフ",
    "ptBR": "Wulf",
    "ruRU": "Вульф",
    "zhCN": "沃夫"
  },
  {
    "id": 10872,
    "Key": "MercX138",
    "enUS": "Bulwye",
    "zhTW": "布爾溫",
    "deDE": "Liwie",
    "esES": "Liwye",
    "frFR": "Bulwye",
    "itIT": "Bulwye",
    "koKR": "불와이",
    "plPL": "Bulwye",
    "esMX": "Bulwye",
    "jaJP": "バルウィ",
    "ptBR": "Bulif",
    "ruRU": "Балвий",
    "zhCN": "布尔维"
  },
  {
    "id": 10873,
    "Key": "MercX139",
    "enUS": "Lief",
    "zhTW": "理夫",
    "deDE": "Lief",
    "esES": "Lief",
    "frFR": "Lief",
    "itIT": "Lief",
    "koKR": "리프",
    "plPL": "Lief",
    "esMX": "Lief",
    "jaJP": "リエフ",
    "ptBR": "Lief",
    "ruRU": "Лиеф",
    "zhCN": "列夫"
  },
  {
    "id": 10874,
    "Key": "MercX140",
    "enUS": "Magnus",
    "zhTW": "馬格納斯",
    "deDE": "Magu",
    "esES": "Magus",
    "frFR": "Magnus",
    "itIT": "Magnus",
    "koKR": "마그누스",
    "plPL": "Magnus",
    "esMX": "[ms]Magnus",
    "jaJP": "マグナス",
    "ptBR": "Magnus",
    "ruRU": "Магнус",
    "zhCN": "玛格努斯"
  },
  {
    "id": 10875,
    "Key": "MercX141",
    "enUS": "Klatu",
    "zhTW": "格拉圖",
    "deDE": "Klatu",
    "esES": "Klatu",
    "frFR": "Klatu",
    "itIT": "Klatu",
    "koKR": "클라투",
    "plPL": "Klatu",
    "esMX": "Klatu",
    "jaJP": "クラトゥ",
    "ptBR": "Klatu",
    "ruRU": "Клату",
    "zhCN": "克拉图"
  },
  {
    "id": 10876,
    "Key": "MercX142",
    "enUS": "Drus",
    "zhTW": "圖魯斯",
    "deDE": "Drus",
    "esES": "Drus",
    "frFR": "Drus",
    "itIT": "Drus",
    "koKR": "드루스",
    "plPL": "Drus",
    "esMX": "Drus",
    "jaJP": "ドルス",
    "ptBR": "Drus",
    "ruRU": "Друс",
    "zhCN": "德鲁斯"
  },
  {
    "id": 10877,
    "Key": "MercX143",
    "enUS": "Hoku",
    "zhTW": "候克",
    "deDE": "Hoku",
    "esES": "Hoku",
    "frFR": "Hoku",
    "itIT": "Hoku",
    "koKR": "호쿠",
    "plPL": "Hoku",
    "esMX": "Hoku",
    "jaJP": "ホク",
    "ptBR": "Hokan",
    "ruRU": "Хоку",
    "zhCN": "霍库"
  },
  {
    "id": 10878,
    "Key": "MercX144",
    "enUS": "Kord",
    "zhTW": "科杜",
    "deDE": "Kord",
    "esES": "Kord",
    "frFR": "Kord",
    "itIT": "Kord",
    "koKR": "코르드",
    "plPL": "Kord",
    "esMX": "Kord",
    "jaJP": "コルド",
    "ptBR": "Kord",
    "ruRU": "Корд",
    "zhCN": "科德"
  },
  {
    "id": 10879,
    "Key": "MercX145",
    "enUS": "Uther",
    "zhTW": "烏瑟爾",
    "deDE": "Uthr",
    "esES": "Uther",
    "frFR": "Uther",
    "itIT": "Uther",
    "koKR": "우서",
    "plPL": "Uther",
    "esMX": "Uther",
    "jaJP": "ウーサー",
    "ptBR": "Uther",
    "ruRU": "Утер",
    "zhCN": "乌瑟"
  },
  {
    "id": 10880,
    "Key": "MercX146",
    "enUS": "Ip",
    "zhTW": "艾普",
    "deDE": "Stuu",
    "esES": "Stu",
    "frFR": "Ip",
    "itIT": "Ip",
    "koKR": "아이프",
    "plPL": "Ip",
    "esMX": "Ip",
    "jaJP": "イプ",
    "ptBR": "Ip",
    "ruRU": "Ип",
    "zhCN": "艾普"
  },
  {
    "id": 10881,
    "Key": "MercX147",
    "enUS": "Ulf",
    "zhTW": "伍夫",
    "deDE": "Ulf",
    "esES": "Ulf",
    "frFR": "Ulf",
    "itIT": "Ulf",
    "koKR": "얼프",
    "plPL": "Ulf",
    "esMX": "Ulf",
    "jaJP": "ユルフ",
    "ptBR": "Ulf",
    "ruRU": "Ульф",
    "zhCN": "乌尔夫"
  },
  {
    "id": 10882,
    "Key": "MercX148",
    "enUS": "Tharr",
    "zhTW": "撒爾",
    "deDE": "Tharr",
    "esES": "Tharr",
    "frFR": "Tharr",
    "itIT": "Tharr",
    "koKR": "타르",
    "plPL": "Tharr",
    "esMX": "Tharr",
    "jaJP": "タール",
    "ptBR": "Tarr",
    "ruRU": "Тарр",
    "zhCN": "萨尔"
  },
  {
    "id": 10883,
    "Key": "MercX149",
    "enUS": "Kaelim",
    "zhTW": "卡林姆",
    "deDE": "Kalim",
    "esES": "Kalim",
    "frFR": "Kaelim",
    "itIT": "Kaelim",
    "koKR": "캘림",
    "plPL": "Kaelim",
    "esMX": "Kaelim",
    "jaJP": "ケイリム",
    "ptBR": "Kaelim",
    "ruRU": "Кэлим",
    "zhCN": "凯林姆"
  },
  {
    "id": 10884,
    "Key": "MercX150",
    "enUS": "Ulric",
    "zhTW": "烏瑞克",
    "deDE": "lIric",
    "esES": "Ulric",
    "frFR": "Ulric",
    "itIT": "Ulric",
    "koKR": "울릭",
    "plPL": "Ulryk",
    "esMX": "Ulric",
    "jaJP": "ウルリック",
    "ptBR": "Ulric",
    "ruRU": "Ульрик",
    "zhCN": "奥瑞克"
  },
  {
    "id": 10885,
    "Key": "MercX151",
    "enUS": "Alaric",
    "zhTW": "艾勒瑞克",
    "deDE": "Aric",
    "esES": "Aric",
    "frFR": "Alaric",
    "itIT": "Alaric",
    "koKR": "알라릭",
    "plPL": "Alaryk",
    "esMX": "Alaric",
    "jaJP": "アラリック",
    "ptBR": "Alaric",
    "ruRU": "Аларик",
    "zhCN": "埃拉里克"
  },
  {
    "id": 10886,
    "Key": "MercX152",
    "enUS": "Ethelred",
    "zhTW": "愛瑟瑞德",
    "deDE": "Eleyd",
    "esES": "Eleyd",
    "frFR": "Ethelred",
    "itIT": "Ethelred",
    "koKR": "에텔레드",
    "plPL": "Ethelred",
    "esMX": "Ethelred",
    "jaJP": "エセルレッド",
    "ptBR": "Etelred",
    "ruRU": "Этельред",
    "zhCN": "伊瑟雷德"
  },
  {
    "id": 10887,
    "Key": "MercX153",
    "enUS": "Caden",
    "zhTW": "卡登",
    "deDE": "Caden",
    "esES": "Jay",
    "frFR": "Caden",
    "itIT": "Caden",
    "koKR": "카덴",
    "plPL": "Caden",
    "esMX": "Caden",
    "jaJP": "ケイデン",
    "ptBR": "Cáden",
    "ruRU": "Кейден",
    "zhCN": "卡登"
  },
  {
    "id": 10888,
    "Key": "MercX154",
    "enUS": "Elgifu",
    "zhTW": "伊爾吉夫",
    "deDE": "Elgif",
    "esES": "Elgif",
    "frFR": "Elgifu",
    "itIT": "Elgifu",
    "koKR": "엘기푸",
    "plPL": "Elgifu",
    "esMX": "Elgifu",
    "jaJP": "エルギフ",
    "ptBR": "Elguif",
    "ruRU": "Эльгифу",
    "zhCN": "艾尔基弗"
  },
  {
    "id": 10889,
    "Key": "MercX155",
    "enUS": "Tostig",
    "zhTW": "托斯提克",
    "deDE": "Aehi",
    "esES": "Aehi",
    "frFR": "Tostig",
    "itIT": "Tostig",
    "koKR": "토스티그",
    "plPL": "Tostig",
    "esMX": "Tostig",
    "jaJP": "トスティグ",
    "ptBR": "Tostig",
    "ruRU": "Тостиг",
    "zhCN": "托斯蒂格"
  },
  {
    "id": 10890,
    "Key": "MercX156",
    "enUS": "Alcuin",
    "zhTW": "艾爾昆",
    "deDE": "JIuni",
    "esES": "Alcun",
    "frFR": "Alcuin",
    "itIT": "Alcuin",
    "koKR": "알쿠인",
    "plPL": "Alcuin",
    "esMX": "Alcuin",
    "jaJP": "アルクイン",
    "ptBR": "Alquin",
    "ruRU": "Алкуин",
    "zhCN": "奥尔奎因"
  },
  {
    "id": 10891,
    "Key": "MercX157",
    "enUS": "Emund",
    "zhTW": "艾蒙特",
    "deDE": "Emund",
    "esES": "Emund",
    "frFR": "Emund",
    "itIT": "Emund",
    "koKR": "에먼드",
    "plPL": "Emund",
    "esMX": "Emund",
    "jaJP": "エムンド",
    "ptBR": "Emund",
    "ruRU": "Эмунд",
    "zhCN": "埃蒙德"
  },
  {
    "id": 10892,
    "Key": "MercX158",
    "enUS": "Sigurd",
    "zhTW": "希格爾德",
    "deDE": "Sigud",
    "esES": "Sigud",
    "frFR": "Sigurd",
    "itIT": "Sigurd",
    "koKR": "시구르드",
    "plPL": "Sigurd",
    "esMX": "Sigurd",
    "jaJP": "シグルド",
    "ptBR": "Sigurd",
    "ruRU": "Сигурд",
    "zhCN": "西古德"
  },
  {
    "id": 10893,
    "Key": "MercX159",
    "enUS": "Gorm",
    "zhTW": "格姆",
    "deDE": "Gorm",
    "esES": "Gorm",
    "frFR": "Gorm",
    "itIT": "Gorm",
    "koKR": "고름",
    "plPL": "Gorm",
    "esMX": "Gorm",
    "jaJP": "ゴルム",
    "ptBR": "Gorm",
    "ruRU": "Горм",
    "zhCN": "戈姆"
  },
  {
    "id": 10894,
    "Key": "MercX160",
    "enUS": "Hollis",
    "zhTW": "荷理斯",
    "deDE": "Holis",
    "esES": "Holis",
    "frFR": "Hollis",
    "itIT": "Hollis",
    "koKR": "홀리스",
    "plPL": "Hollis",
    "esMX": "Hollis",
    "jaJP": "ホリス",
    "ptBR": "Ollis",
    "ruRU": "Холлис",
    "zhCN": "霍利斯"
  },
  {
    "id": 10895,
    "Key": "MercX161",
    "enUS": "Ragnar",
    "zhTW": "拉格那",
    "deDE": "Rinar",
    "esES": "Ranar",
    "frFR": "Ragnar",
    "itIT": "Ragnar",
    "koKR": "라그나르",
    "plPL": "Ragnar",
    "esMX": "Ragnar",
    "jaJP": "ラグナル",
    "ptBR": "Ragnar",
    "ruRU": "Рагнар",
    "zhCN": "拉格纳"
  },
  {
    "id": 10896,
    "Key": "MercX162",
    "enUS": "Torkel",
    "zhTW": "托克爾",
    "deDE": "Tokel",
    "esES": "Tokel",
    "frFR": "Torkel",
    "itIT": "Torkel",
    "koKR": "토르켈",
    "plPL": "Torkel",
    "esMX": "Torkel",
    "jaJP": "トルケル",
    "ptBR": "Torkel",
    "ruRU": "Торкель",
    "zhCN": "托克"
  },
  {
    "id": 10897,
    "Key": "MercX163",
    "enUS": "Wulfstan",
    "zhTW": "沃夫斯坦",
    "deDE": "Juan",
    "esES": "Wuan",
    "frFR": "Wulfstan",
    "itIT": "Wulfstan",
    "koKR": "울프스탄",
    "plPL": "Wulfstan",
    "esMX": "Wulfstan",
    "jaJP": "ウルフスタン",
    "ptBR": "Wulfstan",
    "ruRU": "Вульфстан",
    "zhCN": "沃夫斯坦"
  },
  {
    "id": 10898,
    "Key": "MercX164",
    "enUS": "Alban",
    "zhTW": "阿爾班",
    "deDE": "llbin",
    "esES": "Alban",
    "frFR": "Alban",
    "itIT": "Alban",
    "koKR": "알반",
    "plPL": "Alban",
    "esMX": "Alban",
    "jaJP": "アルバン",
    "ptBR": "Alban",
    "ruRU": "Альбан",
    "zhCN": "阿尔班"
  },
  {
    "id": 10899,
    "Key": "MercX165",
    "enUS": "Barloc",
    "zhTW": "巴洛克",
    "deDE": "Jiloc",
    "esES": "Jiloc",
    "frFR": "Barloc",
    "itIT": "Barloc",
    "koKR": "발록",
    "plPL": "Barloc",
    "esMX": "Barloc",
    "jaJP": "バルロック",
    "ptBR": "Barloc",
    "ruRU": "Барлок",
    "zhCN": "巴洛克"
  },
  {
    "id": 10900,
    "Key": "MercX166",
    "enUS": "Brad",
    "zhTW": "比爾",
    "deDE": "Pinne",
    "esES": "Pinne",
    "frFR": "Bill",
    "itIT": "Bill",
    "koKR": "빌",
    "plPL": "Bill",
    "esMX": "Bill",
    "jaJP": "ビル",
    "ptBR": "Bill",
    "ruRU": "Билл",
    "zhCN": "比尔"
  },
  {
    "id": 10901,
    "Key": "MercX167",
    "enUS": "Theodoric",
    "zhTW": "狄奧多理",
    "deDE": "Odric",
    "esES": "Odric",
    "frFR": "Théodoric",
    "itIT": "Theodoric",
    "koKR": "테오도릭",
    "plPL": "Theodoryk",
    "esMX": "Teodoric",
    "jaJP": "セオドリック",
    "ptBR": "Theodoric",
    "ruRU": "Теодорик",
    "zhCN": "瑟多里克"
  }
]
