{
    "dependencies": {
        "particles": [
            {
                "path": "data/hd/vfx/particles/character/hit_react/vfx_AttackSuccess_Point_Bone.particles"
            },
            {
                "path": "data/hd/vfx/particles/character/hit_react/vfx_AttackSuccess_Slash_Bone.particles"
            }
        ],
        "models": [
            {
                "path": "data/hd/character/enemy/skeleton1/base_body.model"
            },
            {
                "path": "data/hd/character/enemy/skeleton1/head_des.model"
            },
            {
                "path": "data/hd/character/enemy/skeleton1/head_hvy.model"
            },
            {
                "path": "data/hd/character/enemy/skeleton1/head_lit.model"
            },
            {
                "path": "data/hd/character/enemy/skeleton1/head_med.model"
            },
            {
                "path": "data/hd/character/enemy/skeleton1/larm_des.model"
            },
            {
                "path": "data/hd/character/enemy/skeleton1/larm_hvy.model"
            },
            {
                "path": "data/hd/character/enemy/skeleton1/larm_lit.model"
            },
            {
                "path": "data/hd/character/enemy/skeleton1/larm_med.model"
            },
            {
                "path": "data/hd/character/enemy/skeleton1/legs_des.model"
            },
            {
                "path": "data/hd/character/enemy/skeleton1/legs_hvy.model"
            },
            {
                "path": "data/hd/character/enemy/skeleton1/legs_lit.model"
            },
            {
                "path": "data/hd/character/enemy/skeleton1/legs_med.model"
            },
            {
                "path": "data/hd/character/enemy/skeleton1/rarm_des.model"
            },
            {
                "path": "data/hd/character/enemy/skeleton1/rarm_hvy.model"
            },
            {
                "path": "data/hd/character/enemy/skeleton1/rarm_lit.model"
            },
            {
                "path": "data/hd/character/enemy/skeleton1/rarm_med.model"
            },
            {
                "path": "data/hd/character/enemy/skeleton1/rhand_axe.model"
            },
            {
                "path": "data/hd/character/enemy/skeleton1/rhand_fla.model"
            },
            {
                "path": "data/hd/character/enemy/skeleton1/rhand_hax.model"
            },
            {
                "path": "data/hd/character/enemy/skeleton1/rhand_mac.model"
            },
            {
                "path": "data/hd/character/enemy/skeleton1/rhand_scm.model"
            },
            {
                "path": "data/hd/character/enemy/skeleton1/shield_buc.model"
            },
            {
                "path": "data/hd/character/enemy/skeleton1/shield_kit.model"
            },
            {
                "path": "data/hd/character/enemy/skeleton1/shield_lrg.model"
            },
            {
                "path": "data/hd/character/enemy/skeleton1/shield_sml.model"
            },
            {
                "path": "data/hd/character/enemy/skeleton1/special1_des.model"
            },
            {
                "path": "data/hd/character/enemy/skeleton1/special1_hvy.model"
            },
            {
                "path": "data/hd/character/enemy/skeleton1/special1_lit.model"
            },
            {
                "path": "data/hd/character/enemy/skeleton1/special1_med.model"
            },
            {
                "path": "data/hd/character/enemy/skeleton1/special2_des.model"
            },
            {
                "path": "data/hd/character/enemy/skeleton1/special2_hvy.model"
            },
            {
                "path": "data/hd/character/enemy/skeleton1/special2_lit.model"
            },
            {
                "path": "data/hd/character/enemy/skeleton1/special2_med.model"
            },
            {
                "path": "data/hd/character/enemy/skeleton1/special3_lit.model"
            },
            {
                "path": "data/hd/character/enemy/skeleton1/spine.model"
            },
            {
                "path": "data/hd/character/enemy/skeleton1/spine_dead.model"
            },
            {
                "path": "data/hd/character/enemy/skeleton1/torso_hvy.model"
            },
            {
                "path": "data/hd/character/enemy/skeleton1/torso_lit.model"
            },
            {
                "path": "data/hd/character/enemy/skeleton1/torso_med.model"
            },
            {
                "path": "data/hd/vfx/meshes/FX_Mesh_boneFrag01.model"
            }
        ],
        "skeletons": [
            {
                "path": "data/hd/character/enemy/skeleton1/skeleton/skeleton1.skeleton"
            }
        ],
        "animations": [],
        "textures": [
            {
                "path": "data/hd/character/common/common_ktint.texture"
            },
            {
                "path": "data/hd/character/enemy/skeleton1/textures/skeleton_armordes_alb.texture"
            },
            {
                "path": "data/hd/character/enemy/skeleton1/textures/skeleton_armordes_KTINT.texture"
            },
            {
                "path": "data/hd/character/enemy/skeleton1/textures/skeleton_armordes_nrm.texture"
            },
            {
                "path": "data/hd/character/enemy/skeleton1/textures/skeleton_armordes_orm.texture"
            },
            {
                "path": "data/hd/character/enemy/skeleton1/textures/skeleton_armormed_alb.texture"
            },
            {
                "path": "data/hd/character/enemy/skeleton1/textures/skeleton_armormed_KTINT.texture"
            },
            {
                "path": "data/hd/character/enemy/skeleton1/textures/skeleton_armormed_nrm.texture"
            },
            {
                "path": "data/hd/character/enemy/skeleton1/textures/skeleton_armormed_orm.texture"
            },
            {
                "path": "data/hd/character/enemy/skeleton1/textures/skeleton_basebody_alb.texture"
            },
            {
                "path": "data/hd/character/enemy/skeleton1/textures/skeleton_basebody_KTINT.texture"
            },
            {
                "path": "data/hd/character/enemy/skeleton1/textures/skeleton_basebody_nrm.texture"
            },
            {
                "path": "data/hd/character/enemy/skeleton1/textures/skeleton_basebody_orm.texture"
            },
            {
                "path": "data/hd/character/enemy/skeleton1/textures/skeleton_head_des_alb.texture"
            },
            {
                "path": "data/hd/character/enemy/skeleton1/textures/skeleton_head_des_nrm.texture"
            },
            {
                "path": "data/hd/character/enemy/skeleton1/textures/skeleton_head_des_orm.texture"
            },
            {
                "path": "data/hd/character/enemy/skeleton1/textures/skeleton1_armorhvy_alb.texture"
            },
            {
                "path": "data/hd/character/enemy/skeleton1/textures/skeleton1_armorhvy_KTINT.texture"
            },
            {
                "path": "data/hd/character/enemy/skeleton1/textures/skeleton1_armorhvy_nrm.texture"
            },
            {
                "path": "data/hd/character/enemy/skeleton1/textures/skeleton1_armorhvy_orm.texture"
            },
            {
                "path": "data/hd/character/enemy/skeleton1/textures/skeleton1_armorlit_alb.texture"
            },
            {
                "path": "data/hd/character/enemy/skeleton1/textures/skeleton1_armorlit_nrm.texture"
            },
            {
                "path": "data/hd/character/enemy/skeleton1/textures/skeleton1_armorlit_orm.texture"
            },
            {
                "path": "data/hd/vfx/Library/PopcornFXCore/Materials/DefaultTextures/Distort.texture"
            },
            {
                "path": "data/hd/vfx/textures/common/FX_T_bone_ORM.texture"
            }
        ],
        "physics": [],
        "json": [
            {
                "path": "data/hd/character/enemy/skeleton1/skeleton1_state_machine.json"
            },
            {
                "path": "data/hd/items/armor/shield/_monsters/skeleton_large_shield.json"
            },
            {
                "path": "data/hd/items/armor/shield/_monsters/skeleton_shield.json"
            },
            {
                "path": "data/hd/items/armor/shield/_monsters/skeleton_shield_buckler.json"
            },
            {
                "path": "data/hd/items/weapon/axe/_monsters/skeleton_axe.json"
            },
            {
                "path": "data/hd/items/weapon/mace/_monsters/skeleton_flail.json"
            },
            {
                "path": "data/hd/items/weapon/mace/_monsters/skeleton_flail/skeleton_flail_skeleton1_state_machine.json"
            },
            {
                "path": "data/hd/items/weapon/mace/morning_star.json"
            },
            {
                "path": "data/hd/items/weapon/polearm/_monsters/skeleton_scythe.json"
            },
            {
                "path": "data/hd/items/weapon/sword/scimitar.json"
            }
        ],
        "variantdata": [
            {
                "path": "data/hd/character/enemy/skeleton1/skeleton1_variant.json"
            }
        ],
        "objecteffects": [],
        "other": []
    },
    "type": "UnitDefinition",
    "name": "skeleton1",
    "entities": [
        {
            "type": "Entity",
            "name": "entity_root",
            "id": 1666191704,
            "components": [
                {
                    "type": "UnitRootComponent",
                    "name": "component_root",
                    "state_machine_filename": "data/hd/character/enemy/skeleton1/skeleton1_state_machine.json",
                    "doNotInheritRotation": false,
                    "rotationOverride": {
                        "x": 0.0,
                        "y": 0.3826834,
                        "z": 0.0,
                        "w": 0.9238795
                    },
                    "doNotUseHDHeight": false,
                    "hideAllMeshWhenInOpenedMode": false,
                    "onCreateEventName": "",
                    "animations": []
                },
                {
                    "type": "SkeletonDefinitionComponent",
                    "name": "component_skeleton",
                    "filename": "data/hd/character/enemy/skeleton1/skeleton/skeleton1.skeleton"
                },
                {
                    "type": "VariantDefinitionComponent",
                    "name": "component_variant",
                    "filename": "data/hd/character/enemy/skeleton1/skeleton1_variant.json"
                },
                {
                    "type": "DamageFXComponent",
                    "name": "entity_root_DamageFX",
                    "vfxSpawnBones": [],
                    "attackAttemptVfxOverrides": {},
                    "disableAttemptVfx": false,
                    "attackSuccessVfxOverrides": {
                        "type": "AttackVFXTable",
                        "name": "AttackSuccess_Bone",
                        "rules": [
                            {
                                "type": "AttackVFXRule",
                                "name": "AttackSuccess_Bone_rules_0",
                                "acceptedHitClasses": 828,
                                "acceptedVictims": 15,
                                "acceptedBloodTypes": 7,
                                "vfxFile": "data/hd/vfx/particles/character/hit_react/vfx_AttackSuccess_Slash_Bone.particles",
                                "soundId": "player_impact_gore_bone_hd2"
                            },
                            {
                                "type": "AttackVFXRule",
                                "name": "AttackSuccess_Bone_rules_1",
                                "acceptedHitClasses": 7362,
                                "acceptedVictims": 15,
                                "acceptedBloodTypes": 7,
                                "vfxFile": "data/hd/vfx/particles/character/hit_react/vfx_AttackSuccess_Point_Bone.particles",
                                "soundId": "player_impact_gore_bone_hd2"
                            }
                        ],
                        "defaultVfxFile": "",
                        "defaultSoundId": "player_impact_gore_bone_hd2"
                    },
                    "disableSuccessVfx": false,
                    "attackFailVfxOverrides": {},
                    "disableFailVfx": false
                },
                {
                    "type": "TransformDefinitionComponent",
                    "name": "entity_root_TransformDefinition",
                    "position": {
                        "x": 0.0,
                        "y": 0.0,
                        "z": 0.0
                    },
                    "orientation": {
                        "x": 0.0,
                        "y": 0.0,
                        "z": 0.0,
                        "w": 1.0
                    },
                    "scale": {
                        "x": 1.25,
                        "y": 1.25,
                        "z": 1.25
                    },
                    "inheritOnlyPosition": false
                },
                {
                    "type": "IKComponent",
                    "name": "entity_root_IK",
                    "preset": {
                        "type": "IKPreset",
                        "name": "Default_Biped_VV_Flipped",
                        "footIKSetup": [
                            {
                                "type": "FootIKSetup",
                                "name": "Default_Biped_VV_Flipped_footIKSetup_0",
                                "footBoneName": "R_Foot",
                                "kneeBoneName": "R_Calf",
                                "hipBoneName": "R_Thigh",
                                "locationTrackName": "R_IK_position",
                                "enabledTrackName": "R_FKIK",
                                "hyperExtensionStart": 0.0,
                                "hyperExtensionScale": 1.0,
                                "defaultEnabled": false,
                                "kneeRotationAxis": 2,
                                "flipKneeRotationAxis": true
                            },
                            {
                                "type": "FootIKSetup",
                                "name": "Default_Biped_VV_Flipped_footIKSetup_1",
                                "footBoneName": "L_Foot",
                                "kneeBoneName": "L_Calf",
                                "hipBoneName": "L_Thigh",
                                "locationTrackName": "L_IK_position",
                                "enabledTrackName": "L_FKIK",
                                "hyperExtensionStart": 0.0,
                                "hyperExtensionScale": 1.0,
                                "defaultEnabled": false,
                                "kneeRotationAxis": 2,
                                "flipKneeRotationAxis": true
                            }
                        ]
                    }
                },
                {
                    "type": "DeadAnimationSpeedOverrideComponent",
                    "name": "entity_root_DeadAnimationSpeedOverride",
                    "speed": 1.0
                }
            ]
        },
        {
            "type": "Entity",
            "name": "entity_head_lit",
            "id": 2686147031,
            "components": [
                {
                    "type": "UnitPartComponent",
                    "name": "component_part_head_lit",
                    "part": "head",
                    "variant": "lit"
                },
                {
                    "type": "ModelDefinitionComponent",
                    "name": "component_model_head_lit",
                    "filename": "data/hd/character/enemy/skeleton1/head_lit.model",
                    "visibleLayers": 1,
                    "lightMask": 19,
                    "shadowMask": 3,
                    "ghostShadows": false,
                    "floorModel": false,
                    "terrainBlendEnableYUpBlend": false,
                    "terrainBlendMode": 1
                }
            ]
        },
        {
            "type": "Entity",
            "name": "entity_head_med",
            "id": 3541470863,
            "components": [
                {
                    "type": "UnitPartComponent",
                    "name": "component_part_head_med",
                    "part": "head",
                    "variant": "med"
                },
                {
                    "type": "ModelDefinitionComponent",
                    "name": "component_model_head_med",
                    "filename": "data/hd/character/enemy/skeleton1/head_med.model",
                    "visibleLayers": 1,
                    "lightMask": 19,
                    "shadowMask": 3,
                    "ghostShadows": false,
                    "floorModel": false,
                    "terrainBlendEnableYUpBlend": false,
                    "terrainBlendMode": 1
                }
            ]
        },
        {
            "type": "Entity",
            "name": "entity_head_hvy",
            "id": 1830823199,
            "components": [
                {
                    "type": "UnitPartComponent",
                    "name": "component_part_head_hvy",
                    "part": "head",
                    "variant": "hvy"
                },
                {
                    "type": "ModelDefinitionComponent",
                    "name": "component_model_head_hvy",
                    "filename": "data/hd/character/enemy/skeleton1/head_hvy.model",
                    "visibleLayers": 1,
                    "lightMask": 19,
                    "shadowMask": 3,
                    "ghostShadows": false,
                    "floorModel": false,
                    "terrainBlendEnableYUpBlend": false,
                    "terrainBlendMode": 1
                }
            ]
        },
        {
            "type": "Entity",
            "name": "entity_torso_lit",
            "id": 1826076962,
            "components": [
                {
                    "type": "UnitPartComponent",
                    "name": "component_part_torso_lit",
                    "part": "torso",
                    "variant": "lit"
                },
                {
                    "type": "ModelDefinitionComponent",
                    "name": "component_model_torso_lit",
                    "filename": "data/hd/character/enemy/skeleton1/torso_lit.model",
                    "visibleLayers": 1,
                    "lightMask": 19,
                    "shadowMask": 3,
                    "ghostShadows": false,
                    "floorModel": false,
                    "terrainBlendEnableYUpBlend": false,
                    "terrainBlendMode": 1
                }
            ]
        },
        {
            "type": "Entity",
            "name": "entity_torso_med",
            "id": 2698243547,
            "components": [
                {
                    "type": "UnitPartComponent",
                    "name": "component_part_torso_med",
                    "part": "torso",
                    "variant": "med"
                },
                {
                    "type": "ModelDefinitionComponent",
                    "name": "component_model_torso_med",
                    "filename": "data/hd/character/enemy/skeleton1/torso_med.model",
                    "visibleLayers": 1,
                    "lightMask": 19,
                    "shadowMask": 3,
                    "ghostShadows": false,
                    "floorModel": false,
                    "terrainBlendEnableYUpBlend": false,
                    "terrainBlendMode": 1
                }
            ]
        },
        {
            "type": "Entity",
            "name": "entity_torso_hvy",
            "id": 1276921750,
            "components": [
                {
                    "type": "UnitPartComponent",
                    "name": "component_part_torso_hvy",
                    "part": "torso",
                    "variant": "hvy"
                },
                {
                    "type": "ModelDefinitionComponent",
                    "name": "component_model_torso_hvy",
                    "filename": "data/hd/character/enemy/skeleton1/torso_hvy.model",
                    "visibleLayers": 1,
                    "lightMask": 19,
                    "shadowMask": 3,
                    "ghostShadows": false,
                    "floorModel": false,
                    "terrainBlendEnableYUpBlend": false,
                    "terrainBlendMode": 1
                }
            ]
        },
        {
            "type": "Entity",
            "name": "entity_legs_lit",
            "id": 2927562706,
            "components": [
                {
                    "type": "UnitPartComponent",
                    "name": "component_part_legs_lit",
                    "part": "legs",
                    "variant": "lit"
                },
                {
                    "type": "ModelDefinitionComponent",
                    "name": "component_model_legs_lit",
                    "filename": "data/hd/character/enemy/skeleton1/legs_lit.model",
                    "visibleLayers": 1,
                    "lightMask": 19,
                    "shadowMask": 3,
                    "ghostShadows": false,
                    "floorModel": false,
                    "terrainBlendEnableYUpBlend": false,
                    "terrainBlendMode": 1
                }
            ]
        },
        {
            "type": "Entity",
            "name": "entity_legs_med",
            "id": 3459940447,
            "components": [
                {
                    "type": "UnitPartComponent",
                    "name": "component_part_legs_med",
                    "part": "legs",
                    "variant": "med"
                },
                {
                    "type": "ModelDefinitionComponent",
                    "name": "component_model_legs_med",
                    "filename": "data/hd/character/enemy/skeleton1/legs_med.model",
                    "visibleLayers": 1,
                    "lightMask": 19,
                    "shadowMask": 3,
                    "ghostShadows": false,
                    "floorModel": false,
                    "terrainBlendEnableYUpBlend": false,
                    "terrainBlendMode": 1
                }
            ]
        },
        {
            "type": "Entity",
            "name": "entity_legs_hvy",
            "id": 2072238618,
            "components": [
                {
                    "type": "UnitPartComponent",
                    "name": "component_part_legs_hvy",
                    "part": "legs",
                    "variant": "hvy"
                },
                {
                    "type": "ModelDefinitionComponent",
                    "name": "component_model_legs_hvy",
                    "filename": "data/hd/character/enemy/skeleton1/legs_hvy.model",
                    "visibleLayers": 1,
                    "lightMask": 19,
                    "shadowMask": 3,
                    "ghostShadows": false,
                    "floorModel": false,
                    "terrainBlendEnableYUpBlend": false,
                    "terrainBlendMode": 1
                }
            ]
        },
        {
            "type": "Entity",
            "name": "entity_rarm_lit",
            "id": 892463824,
            "components": [
                {
                    "type": "UnitPartComponent",
                    "name": "component_part_rarm_lit",
                    "part": "rarm",
                    "variant": "lit"
                },
                {
                    "type": "ModelDefinitionComponent",
                    "name": "component_model_rarm_lit",
                    "filename": "data/hd/character/enemy/skeleton1/rarm_lit.model",
                    "visibleLayers": 1,
                    "lightMask": 19,
                    "shadowMask": 3,
                    "ghostShadows": false,
                    "floorModel": false,
                    "terrainBlendEnableYUpBlend": false,
                    "terrainBlendMode": 1
                }
            ]
        },
        {
            "type": "Entity",
            "name": "entity_rarm_med",
            "id": 1441553245,
            "components": [
                {
                    "type": "UnitPartComponent",
                    "name": "component_part_rarm_med",
                    "part": "rarm",
                    "variant": "med"
                },
                {
                    "type": "ModelDefinitionComponent",
                    "name": "component_model_rarm_med",
                    "filename": "data/hd/character/enemy/skeleton1/rarm_med.model",
                    "visibleLayers": 1,
                    "lightMask": 19,
                    "shadowMask": 3,
                    "ghostShadows": false,
                    "floorModel": false,
                    "terrainBlendEnableYUpBlend": false,
                    "terrainBlendMode": 1
                }
            ]
        },
        {
            "type": "Entity",
            "name": "entity_rarm_hvy",
            "id": 37074199,
            "components": [
                {
                    "type": "UnitPartComponent",
                    "name": "component_part_rarm_hvy",
                    "part": "rarm",
                    "variant": "hvy"
                },
                {
                    "type": "ModelDefinitionComponent",
                    "name": "component_model_rarm_hvy",
                    "filename": "data/hd/character/enemy/skeleton1/rarm_hvy.model",
                    "visibleLayers": 1,
                    "lightMask": 19,
                    "shadowMask": 3,
                    "ghostShadows": false,
                    "floorModel": false,
                    "terrainBlendEnableYUpBlend": false,
                    "terrainBlendMode": 1
                }
            ]
        },
        {
            "type": "Entity",
            "name": "entity_larm_lit",
            "id": 667759829,
            "components": [
                {
                    "type": "UnitPartComponent",
                    "name": "component_part_larm_lit",
                    "part": "larm",
                    "variant": "lit"
                },
                {
                    "type": "ModelDefinitionComponent",
                    "name": "component_model_larm_lit",
                    "filename": "data/hd/character/enemy/skeleton1/larm_lit.model",
                    "visibleLayers": 1,
                    "lightMask": 19,
                    "shadowMask": 3,
                    "ghostShadows": false,
                    "floorModel": false,
                    "terrainBlendEnableYUpBlend": false,
                    "terrainBlendMode": 1
                }
            ]
        },
        {
            "type": "Entity",
            "name": "entity_larm_med",
            "id": 1200137825,
            "components": [
                {
                    "type": "UnitPartComponent",
                    "name": "component_part_larm_med",
                    "part": "larm",
                    "variant": "med"
                },
                {
                    "type": "ModelDefinitionComponent",
                    "name": "component_model_larm_med",
                    "filename": "data/hd/character/enemy/skeleton1/larm_med.model",
                    "visibleLayers": 1,
                    "lightMask": 19,
                    "shadowMask": 3,
                    "ghostShadows": false,
                    "floorModel": false,
                    "terrainBlendEnableYUpBlend": false,
                    "terrainBlendMode": 1
                }
            ]
        },
        {
            "type": "Entity",
            "name": "entity_larm_hvy",
            "id": 4107403292,
            "components": [
                {
                    "type": "UnitPartComponent",
                    "name": "component_part_larm_hvy",
                    "part": "larm",
                    "variant": "hvy"
                },
                {
                    "type": "ModelDefinitionComponent",
                    "name": "component_model_larm_hvy",
                    "filename": "data/hd/character/enemy/skeleton1/larm_hvy.model",
                    "visibleLayers": 1,
                    "lightMask": 19,
                    "shadowMask": 3,
                    "ghostShadows": false,
                    "floorModel": false,
                    "terrainBlendEnableYUpBlend": false,
                    "terrainBlendMode": 1
                }
            ]
        },
        {
            "type": "Entity",
            "name": "entity_rhand_axe",
            "id": 2313654293,
            "components": [
                {
                    "type": "UnitPartComponent",
                    "name": "component_part_rhand_axe",
                    "part": "rhand",
                    "variant": "axe"
                },
                {
                    "type": "ModelDefinitionComponent",
                    "name": "component_model_rhand_axe",
                    "filename": "data/hd/character/enemy/skeleton1/rhand_axe.model",
                    "visibleLayers": 1,
                    "lightMask": 19,
                    "shadowMask": 3,
                    "ghostShadows": false,
                    "floorModel": false,
                    "terrainBlendEnableYUpBlend": false,
                    "terrainBlendMode": 1
                },
                {
                    "type": "UnitAttachmentComponent",
                    "name": "entity_rhand_axe_UnitAttachment",
                    "filename": "data/hd/items/weapon/axe/_monsters/skeleton_axe.json",
                    "overrideBoneName": "",
                    "orientTowardBoneName": "",
                    "attachmentTransform": {
                        "type": "Transform",
                        "name": "entity_rhand_axe_UnitAttachment_attachmentTransform",
                        "translation": {
                            "x": 0.0,
                            "y": 0.0,
                            "z": 0.0
                        },
                        "rotation": {
                            "x": 0.0,
                            "y": 0.0,
                            "z": 0.0
                        },
                        "scale": {
                            "x": 1.0,
                            "y": 1.0,
                            "z": 1.0
                        }
                    },
                    "attachmentStateMachineFilename": "",
                    "part": "rhand",
                    "variant": "axe"
                }
            ]
        },
        {
            "type": "Entity",
            "name": "entity_rhand_fla",
            "id": 2846032290,
            "components": [
                {
                    "type": "UnitPartComponent",
                    "name": "component_part_rhand_fla",
                    "part": "rhand",
                    "variant": "fla"
                },
                {
                    "type": "ModelDefinitionComponent",
                    "name": "component_model_rhand_fla",
                    "filename": "data/hd/character/enemy/skeleton1/rhand_fla.model",
                    "visibleLayers": 1,
                    "lightMask": 19,
                    "shadowMask": 3,
                    "ghostShadows": false,
                    "floorModel": false,
                    "terrainBlendEnableYUpBlend": false,
                    "terrainBlendMode": 1
                },
                {
                    "type": "UnitAttachmentComponent",
                    "name": "entity_rhand_fla_UnitAttachment",
                    "filename": "data/hd/items/weapon/mace/_monsters/skeleton_flail.json",
                    "overrideBoneName": "",
                    "orientTowardBoneName": "",
                    "attachmentTransform": {
                        "type": "Transform",
                        "name": "entity_rhand_fla_UnitAttachment_attachmentTransform",
                        "translation": {
                            "x": 0.0,
                            "y": 0.0,
                            "z": 0.0
                        },
                        "rotation": {
                            "x": 0.0,
                            "y": 0.0,
                            "z": 0.0
                        },
                        "scale": {
                            "x": 1.3,
                            "y": 1.3,
                            "z": 1.3
                        }
                    },
                    "attachmentStateMachineFilename": "data/hd/items/weapon/mace/_monsters/skeleton_flail/skeleton_flail_skeleton1_state_machine.json",
                    "part": "rhand",
                    "variant": "fla"
                }
            ]
        },
        {
            "type": "Entity",
            "name": "entity_rhand_hax",
            "id": 3701356122,
            "components": [
                {
                    "type": "UnitPartComponent",
                    "name": "component_part_rhand_hax",
                    "part": "rhand",
                    "variant": "hax"
                },
                {
                    "type": "ModelDefinitionComponent",
                    "name": "component_model_rhand_hax",
                    "filename": "data/hd/character/enemy/skeleton1/rhand_hax.model",
                    "visibleLayers": 1,
                    "lightMask": 19,
                    "shadowMask": 3,
                    "ghostShadows": false,
                    "floorModel": false,
                    "terrainBlendEnableYUpBlend": false,
                    "terrainBlendMode": 1
                },
                {
                    "type": "UnitAttachmentComponent",
                    "name": "entity_rhand_hax_UnitAttachment",
                    "filename": "data/hd/items/weapon/polearm/_monsters/skeleton_scythe.json",
                    "overrideBoneName": "",
                    "orientTowardBoneName": "",
                    "attachmentTransform": {
                        "type": "Transform",
                        "name": "entity_rhand_hax_UnitAttachment_attachmentTransform",
                        "translation": {
                            "x": 0.0,
                            "y": 0.0,
                            "z": 0.0
                        },
                        "rotation": {
                            "x": 0.0,
                            "y": 0.0,
                            "z": 0.0
                        },
                        "scale": {
                            "x": 1.0,
                            "y": 1.0,
                            "z": 1.0
                        }
                    },
                    "attachmentStateMachineFilename": "",
                    "part": "rhand",
                    "variant": "hax"
                }
            ]
        },
        {
            "type": "Entity",
            "name": "entity_rhand_mac",
            "id": 278489874,
            "components": [
                {
                    "type": "UnitPartComponent",
                    "name": "component_part_rhand_mac",
                    "part": "rhand",
                    "variant": "mac"
                },
                {
                    "type": "ModelDefinitionComponent",
                    "name": "component_model_rhand_mac",
                    "filename": "data/hd/character/enemy/skeleton1/rhand_mac.model",
                    "visibleLayers": 1,
                    "lightMask": 19,
                    "shadowMask": 3,
                    "ghostShadows": false,
                    "floorModel": false,
                    "terrainBlendEnableYUpBlend": false,
                    "terrainBlendMode": 1
                },
                {
                    "type": "UnitAttachmentComponent",
                    "name": "entity_rhand_mac_UnitAttachment",
                    "filename": "data/hd/items/weapon/mace/morning_star.json",
                    "overrideBoneName": "",
                    "orientTowardBoneName": "",
                    "attachmentTransform": {
                        "type": "Transform",
                        "name": "entity_rhand_mac_UnitAttachment_attachmentTransform",
                        "translation": {
                            "x": 0.0,
                            "y": 0.0,
                            "z": 0.0
                        },
                        "rotation": {
                            "x": 0.0,
                            "y": 0.0,
                            "z": 0.0
                        },
                        "scale": {
                            "x": 1.0,
                            "y": 1.0,
                            "z": 1.0
                        }
                    },
                    "attachmentStateMachineFilename": "",
                    "part": "rhand",
                    "variant": "mac"
                }
            ]
        },
        {
            "type": "Entity",
            "name": "entity_rhand_scm",
            "id": 810933407,
            "components": [
                {
                    "type": "UnitPartComponent",
                    "name": "component_part_rhand_scm",
                    "part": "rhand",
                    "variant": "scm"
                },
                {
                    "type": "ModelDefinitionComponent",
                    "name": "component_model_rhand_scm",
                    "filename": "data/hd/character/enemy/skeleton1/rhand_scm.model",
                    "visibleLayers": 1,
                    "lightMask": 19,
                    "shadowMask": 3,
                    "ghostShadows": false,
                    "floorModel": false,
                    "terrainBlendEnableYUpBlend": false,
                    "terrainBlendMode": 1
                },
                {
                    "type": "UnitAttachmentComponent",
                    "name": "entity_rhand_scm_UnitAttachment",
                    "filename": "data/hd/items/weapon/sword/scimitar.json",
                    "overrideBoneName": "",
                    "orientTowardBoneName": "",
                    "attachmentTransform": {
                        "type": "Transform",
                        "name": "entity_rhand_scm_UnitAttachment_attachmentTransform",
                        "translation": {
                            "x": 0.0,
                            "y": 0.0,
                            "z": 0.0
                        },
                        "rotation": {
                            "x": 0.0,
                            "y": 0.0,
                            "z": 0.0
                        },
                        "scale": {
                            "x": 1.0,
                            "y": 1.0,
                            "z": 1.0
                        }
                    },
                    "attachmentStateMachineFilename": "",
                    "part": "rhand",
                    "variant": "scm"
                }
            ]
        },
        {
            "type": "Entity",
            "name": "entity_shield_buc",
            "id": 2538292496,
            "components": [
                {
                    "type": "UnitPartComponent",
                    "name": "component_part_shield_buc",
                    "part": "shield",
                    "variant": "buc"
                },
                {
                    "type": "ModelDefinitionComponent",
                    "name": "component_model_shield_buc",
                    "filename": "data/hd/character/enemy/skeleton1/shield_buc.model",
                    "visibleLayers": 1,
                    "lightMask": 19,
                    "shadowMask": 3,
                    "ghostShadows": false,
                    "floorModel": false,
                    "terrainBlendEnableYUpBlend": false,
                    "terrainBlendMode": 1
                },
                {
                    "type": "UnitAttachmentComponent",
                    "name": "entity_shield_buc_UnitAttachment",
                    "filename": "data/hd/items/armor/shield/_monsters/skeleton_shield_buckler.json",
                    "overrideBoneName": "",
                    "orientTowardBoneName": "",
                    "attachmentTransform": {
                        "type": "Transform",
                        "name": "entity_shield_buc_UnitAttachment_attachmentTransform",
                        "translation": {
                            "x": 0.0,
                            "y": 0.0,
                            "z": 0.0
                        },
                        "rotation": {
                            "x": 0.0,
                            "y": 0.0,
                            "z": 0.0
                        },
                        "scale": {
                            "x": 1.0,
                            "y": 1.0,
                            "z": 1.0
                        }
                    },
                    "attachmentStateMachineFilename": "",
                    "part": "shield",
                    "variant": "buc"
                }
            ]
        },
        {
            "type": "Entity",
            "name": "entity_shield_lrg",
            "id": 3926060117,
            "components": [
                {
                    "type": "UnitPartComponent",
                    "name": "component_part_shield_lrg",
                    "part": "shield",
                    "variant": "lrg"
                },
                {
                    "type": "ModelDefinitionComponent",
                    "name": "component_model_shield_lrg",
                    "filename": "data/hd/character/enemy/skeleton1/shield_lrg.model",
                    "visibleLayers": 1,
                    "lightMask": 19,
                    "shadowMask": 3,
                    "ghostShadows": false,
                    "floorModel": false,
                    "terrainBlendEnableYUpBlend": false,
                    "terrainBlendMode": 1
                },
                {
                    "type": "UnitAttachmentComponent",
                    "name": "entity_shield_lrg_UnitAttachment",
                    "filename": "data/hd/items/armor/shield/_monsters/skeleton_large_shield.json",
                    "overrideBoneName": "",
                    "orientTowardBoneName": "",
                    "attachmentTransform": {
                        "type": "Transform",
                        "name": "entity_shield_lrg_UnitAttachment_attachmentTransform",
                        "translation": {
                            "x": 0.0,
                            "y": 0.0,
                            "z": 0.0
                        },
                        "rotation": {
                            "x": 0.0,
                            "y": 0.0,
                            "z": 0.0
                        },
                        "scale": {
                            "x": 1.0,
                            "y": 1.0,
                            "z": 1.0
                        }
                    },
                    "attachmentStateMachineFilename": "",
                    "part": "shield",
                    "variant": "lrg"
                }
            ]
        },
        {
            "type": "Entity",
            "name": "entity_shield_kit",
            "id": 3070670749,
            "components": [
                {
                    "type": "UnitPartComponent",
                    "name": "component_part_shield_kit",
                    "part": "shield",
                    "variant": "kit"
                },
                {
                    "type": "ModelDefinitionComponent",
                    "name": "component_model_shield_kit",
                    "filename": "data/hd/character/enemy/skeleton1/shield_kit.model",
                    "visibleLayers": 1,
                    "lightMask": 19,
                    "shadowMask": 3,
                    "ghostShadows": false,
                    "floorModel": false,
                    "terrainBlendEnableYUpBlend": false,
                    "terrainBlendMode": 1
                },
                {
                    "type": "UnitAttachmentComponent",
                    "name": "entity_shield_kit_UnitAttachment",
                    "filename": "data/hd/items/armor/shield/_monsters/skeleton_shield.json",
                    "overrideBoneName": "",
                    "orientTowardBoneName": "",
                    "attachmentTransform": {
                        "type": "Transform",
                        "name": "entity_shield_kit_UnitAttachment_attachmentTransform",
                        "translation": {
                            "x": 0.0,
                            "y": 0.0,
                            "z": 0.0
                        },
                        "rotation": {
                            "x": 0.0,
                            "y": -10.0,
                            "z": 20.0
                        },
                        "scale": {
                            "x": 1.0,
                            "y": 1.0,
                            "z": 1.0
                        }
                    },
                    "attachmentStateMachineFilename": "",
                    "part": "shield",
                    "variant": "kit"
                }
            ]
        },
        {
            "type": "Entity",
            "name": "entity_shield_sml",
            "id": 196959714,
            "components": [
                {
                    "type": "UnitPartComponent",
                    "name": "component_part_shield_sml",
                    "part": "shield",
                    "variant": "sml"
                },
                {
                    "type": "ModelDefinitionComponent",
                    "name": "component_model_shield_sml",
                    "filename": "data/hd/character/enemy/skeleton1/shield_sml.model",
                    "visibleLayers": 1,
                    "lightMask": 19,
                    "shadowMask": 3,
                    "ghostShadows": false,
                    "floorModel": false,
                    "terrainBlendEnableYUpBlend": false,
                    "terrainBlendMode": 1
                },
                {
                    "type": "UnitAttachmentComponent",
                    "name": "entity_shield_sml_UnitAttachment",
                    "filename": "data/hd/items/armor/shield/_monsters/skeleton_large_shield.json",
                    "overrideBoneName": "",
                    "orientTowardBoneName": "",
                    "attachmentTransform": {
                        "type": "Transform",
                        "name": "entity_shield_sml_UnitAttachment_attachmentTransform",
                        "translation": {
                            "x": 0.0,
                            "y": 0.0,
                            "z": 0.0
                        },
                        "rotation": {
                            "x": 0.0,
                            "y": 0.0,
                            "z": 0.0
                        },
                        "scale": {
                            "x": 1.0,
                            "y": 1.0,
                            "z": 1.0
                        }
                    },
                    "attachmentStateMachineFilename": "",
                    "part": "shield",
                    "variant": "sml"
                }
            ]
        },
        {
            "type": "Entity",
            "name": "entity_special1_lit",
            "id": 1907607123,
            "components": [
                {
                    "type": "UnitPartComponent",
                    "name": "component_part_special1_lit",
                    "part": "special1",
                    "variant": "lit"
                },
                {
                    "type": "ModelDefinitionComponent",
                    "name": "component_model_special1_lit",
                    "filename": "data/hd/character/enemy/skeleton1/special1_lit.model",
                    "visibleLayers": 1,
                    "lightMask": 19,
                    "shadowMask": 3,
                    "ghostShadows": false,
                    "floorModel": false,
                    "terrainBlendEnableYUpBlend": false,
                    "terrainBlendMode": 1
                }
            ]
        },
        {
            "type": "Entity",
            "name": "entity_special1_med",
            "id": 2456762592,
            "components": [
                {
                    "type": "UnitPartComponent",
                    "name": "component_part_special1_med",
                    "part": "special1",
                    "variant": "med"
                },
                {
                    "type": "ModelDefinitionComponent",
                    "name": "component_model_special1_med",
                    "filename": "data/hd/character/enemy/skeleton1/special1_med.model",
                    "visibleLayers": 1,
                    "lightMask": 19,
                    "shadowMask": 3,
                    "ghostShadows": false,
                    "floorModel": false,
                    "terrainBlendEnableYUpBlend": false,
                    "terrainBlendMode": 1
                }
            ]
        },
        {
            "type": "Entity",
            "name": "entity_special1_hvy",
            "id": 1052283546,
            "components": [
                {
                    "type": "UnitPartComponent",
                    "name": "component_part_special1_hvy",
                    "part": "special1",
                    "variant": "hvy"
                },
                {
                    "type": "ModelDefinitionComponent",
                    "name": "component_model_special1_hvy",
                    "filename": "data/hd/character/enemy/skeleton1/special1_hvy.model",
                    "visibleLayers": 1,
                    "lightMask": 19,
                    "shadowMask": 3,
                    "ghostShadows": false,
                    "floorModel": false,
                    "terrainBlendEnableYUpBlend": false,
                    "terrainBlendMode": 1
                }
            ]
        },
        {
            "type": "Entity",
            "name": "entity_special2_lit",
            "id": 4167410000,
            "components": [
                {
                    "type": "UnitPartComponent",
                    "name": "component_part_special2_lit",
                    "part": "special2",
                    "variant": "lit"
                },
                {
                    "type": "ModelDefinitionComponent",
                    "name": "component_model_special2_lit",
                    "filename": "data/hd/character/enemy/skeleton1/special2_lit.model",
                    "visibleLayers": 1,
                    "lightMask": 19,
                    "shadowMask": 3,
                    "ghostShadows": false,
                    "floorModel": false,
                    "terrainBlendEnableYUpBlend": false,
                    "terrainBlendMode": 1
                }
            ]
        },
        {
            "type": "Entity",
            "name": "entity_special2_med",
            "id": 421598173,
            "components": [
                {
                    "type": "UnitPartComponent",
                    "name": "component_part_special2_med",
                    "part": "special2",
                    "variant": "med"
                },
                {
                    "type": "ModelDefinitionComponent",
                    "name": "component_model_special2_med",
                    "filename": "data/hd/character/enemy/skeleton1/special2_med.model",
                    "visibleLayers": 1,
                    "lightMask": 19,
                    "shadowMask": 3,
                    "ghostShadows": false,
                    "floorModel": false,
                    "terrainBlendEnableYUpBlend": false,
                    "terrainBlendMode": 1
                }
            ]
        },
        {
            "type": "Entity",
            "name": "entity_special2_hvy",
            "id": 3312086168,
            "components": [
                {
                    "type": "UnitPartComponent",
                    "name": "component_part_special2_hvy",
                    "part": "special2",
                    "variant": "hvy"
                },
                {
                    "type": "ModelDefinitionComponent",
                    "name": "component_model_special2_hvy",
                    "filename": "data/hd/character/enemy/skeleton1/special2_hvy.model",
                    "visibleLayers": 1,
                    "lightMask": 19,
                    "shadowMask": 3,
                    "ghostShadows": false,
                    "floorModel": false,
                    "terrainBlendEnableYUpBlend": false,
                    "terrainBlendMode": 1
                }
            ]
        },
        {
            "type": "Entity",
            "name": "entity_special3_lit",
            "id": 1170252521,
            "components": [
                {
                    "type": "ModelDefinitionComponent",
                    "name": "entity_special3_lit_ModelDefinition",
                    "filename": "data/hd/character/enemy/skeleton1/special3_lit.model",
                    "visibleLayers": 1,
                    "lightMask": 19,
                    "shadowMask": 3,
                    "ghostShadows": false,
                    "floorModel": false,
                    "terrainBlendEnableYUpBlend": false,
                    "terrainBlendMode": 1
                },
                {
                    "type": "UnitPartComponent",
                    "name": "entity_special3_lit_UnitPart",
                    "part": "special3",
                    "variant": "lit"
                }
            ]
        },
        {
            "type": "Entity",
            "name": "entity_base_body",
            "id": 3052651021,
            "components": [
                {
                    "type": "ModelDefinitionComponent",
                    "name": "entity_base_body_ModelDefinition",
                    "filename": "data/hd/character/enemy/skeleton1/base_body.model",
                    "visibleLayers": 9,
                    "lightMask": 19,
                    "shadowMask": 3,
                    "ghostShadows": false,
                    "floorModel": false,
                    "terrainBlendEnableYUpBlend": false,
                    "terrainBlendMode": 1
                }
            ]
        },
        {
            "type": "Entity",
            "name": "entity_spine",
            "id": 77367755,
            "components": [
                {
                    "type": "ModelDefinitionComponent",
                    "name": "entity_spine_ModelDefinition",
                    "filename": "data/hd/character/enemy/skeleton1/spine.model",
                    "visibleLayers": 9,
                    "lightMask": 19,
                    "shadowMask": 3,
                    "ghostShadows": false,
                    "floorModel": false,
                    "terrainBlendEnableYUpBlend": false,
                    "terrainBlendMode": 1
                }
            ]
        },
        {
            "type": "Entity",
            "name": "entity_spine_dead",
            "id": 1099200094,
            "components": [
                {
                    "type": "ModelDefinitionComponent",
                    "name": "entity_spine_dead_ModelDefinition",
                    "filename": "data/hd/character/enemy/skeleton1/spine_dead.model",
                    "visibleLayers": 1,
                    "lightMask": 19,
                    "shadowMask": 3,
                    "ghostShadows": false,
                    "floorModel": false,
                    "terrainBlendEnableYUpBlend": false,
                    "terrainBlendMode": 1
                }
            ]
        },
        {
            "type": "Entity",
            "name": "entity_head_des",
            "id": 1943718455,
            "components": [
                {
                    "type": "ModelDefinitionComponent",
                    "name": "entity_head_des_ModelDefinition",
                    "filename": "data/hd/character/enemy/skeleton1/head_des.model",
                    "visibleLayers": 1,
                    "lightMask": 19,
                    "shadowMask": 3,
                    "ghostShadows": false,
                    "floorModel": false,
                    "terrainBlendEnableYUpBlend": false,
                    "terrainBlendMode": 1
                },
                {
                    "type": "UnitPartComponent",
                    "name": "entity_head_des_UnitPart",
                    "part": "head",
                    "variant": "des"
                }
            ]
        },
        {
            "type": "Entity",
            "name": "entity_legs_des",
            "id": 1364223733,
            "components": [
                {
                    "type": "ModelDefinitionComponent",
                    "name": "entity_legs_des_ModelDefinition",
                    "filename": "data/hd/character/enemy/skeleton1/legs_des.model",
                    "visibleLayers": 1,
                    "lightMask": 19,
                    "shadowMask": 3,
                    "ghostShadows": false,
                    "floorModel": false,
                    "terrainBlendEnableYUpBlend": false,
                    "terrainBlendMode": 1
                },
                {
                    "type": "UnitPartComponent",
                    "name": "entity_legs_des_UnitPart",
                    "part": "legs",
                    "variant": "des"
                }
            ]
        },
        {
            "type": "Entity",
            "name": "entity_larm_des",
            "id": 1097380007,
            "components": [
                {
                    "type": "UnitPartComponent",
                    "name": "entity_larm_des_UnitPart",
                    "part": "larm",
                    "variant": "des"
                },
                {
                    "type": "ModelDefinitionComponent",
                    "name": "entity_larm_des_ModelDefinition",
                    "filename": "data/hd/character/enemy/skeleton1/larm_des.model",
                    "visibleLayers": 1,
                    "lightMask": 19,
                    "shadowMask": 3,
                    "ghostShadows": false,
                    "floorModel": false,
                    "terrainBlendEnableYUpBlend": false,
                    "terrainBlendMode": 1
                }
            ]
        },
        {
            "type": "Entity",
            "name": "entity_rarm_des",
            "id": 3352950606,
            "components": [
                {
                    "type": "ModelDefinitionComponent",
                    "name": "entity_rarm_des_ModelDefinition",
                    "filename": "data/hd/character/enemy/skeleton1/rarm_des.model",
                    "visibleLayers": 1,
                    "lightMask": 19,
                    "shadowMask": 3,
                    "ghostShadows": false,
                    "floorModel": false,
                    "terrainBlendEnableYUpBlend": false,
                    "terrainBlendMode": 1
                },
                {
                    "type": "UnitPartComponent",
                    "name": "entity_rarm_des_UnitPart",
                    "part": "rarm",
                    "variant": "des"
                }
            ]
        },
        {
            "type": "Entity",
            "name": "entity_special1_des",
            "id": 1398634048,
            "components": [
                {
                    "type": "ModelDefinitionComponent",
                    "name": "entity_special1_des_ModelDefinition",
                    "filename": "data/hd/character/enemy/skeleton1/special1_des.model",
                    "visibleLayers": 1,
                    "lightMask": 19,
                    "shadowMask": 3,
                    "ghostShadows": false,
                    "floorModel": false,
                    "terrainBlendEnableYUpBlend": false,
                    "terrainBlendMode": 1
                },
                {
                    "type": "UnitPartComponent",
                    "name": "entity_special1_des_UnitPart",
                    "part": "special1",
                    "variant": "des"
                }
            ]
        },
        {
            "type": "Entity",
            "name": "entity_special2_des",
            "id": 959320575,
            "components": [
                {
                    "type": "ModelDefinitionComponent",
                    "name": "entity_special2_des_ModelDefinition",
                    "filename": "data/hd/character/enemy/skeleton1/special2_des.model",
                    "visibleLayers": 1,
                    "lightMask": 19,
                    "shadowMask": 3,
                    "ghostShadows": false,
                    "floorModel": false,
                    "terrainBlendEnableYUpBlend": false,
                    "terrainBlendMode": 1
                },
                {
                    "type": "UnitPartComponent",
                    "name": "entity_special2_des_UnitPart",
                    "part": "special2",
                    "variant": "des"
                }
            ]
        }
    ]
}